NO_OF_FRAMES	129
NO_OF_CAMERAS	14
NO_OF_MARKERS	19
FREQUENCY	100
NO_OF_ANALOG	0
ANALOG_FREQUENCY	0
DESCRIPTION	--
TIME_STAMP	2025-09-18, 15:15:04	710.78465524
DATA_INCLUDED	3D
MARKER_NAMES	1 - Head	2 - L_Shoulder	3 - L_Elbow	4 - L_Wrist	5 - R_Shoulder	6 - R_Elbow	7 - R_Wrist	8 - L_Hip	9 - L_Knee	10 - L_Ankle	11 - L_Heel	12 - L_Meta_V	13 - L_Toe_II	14 - R_Hip	15 - R_Knee	16 - R_Ankle	17 - R_Heel	18 - R_Meta_V	19 - R_Toe_II
Frame	Time	1 - Head X	1 - Head Y	1 - Head Z	2 - L_Shoulder X	2 - L_Shoulder Y	2 - L_Shoulder Z	3 - L_Elbow X	3 - L_Elbow Y	3 - L_Elbow Z	4 - L_Wrist X	4 - L_Wrist Y	4 - L_Wrist Z	5 - R_Shoulder X	5 - R_Shoulder Y	5 - R_Shoulder Z	6 - R_Elbow X	6 - R_Elbow Y	6 - R_Elbow Z	7 - R_Wrist X	7 - R_Wrist Y	7 - R_Wrist Z	8 - L_Hip X	8 - L_Hip Y	8 - L_Hip Z	9 - L_Knee X	9 - L_Knee Y	9 - L_Knee Z	10 - L_Ankle X	10 - L_Ankle Y	10 - L_Ankle Z	11 - L_Heel X	11 - L_Heel Y	11 - L_Heel Z	12 - L_Meta_V X	12 - L_Meta_V Y	12 - L_Meta_V Z	13 - L_Toe_II X	13 - L_Toe_II Y	13 - L_Toe_II Z	14 - R_Hip X	14 - R_Hip Y	14 - R_Hip Z	15 - R_Knee X	15 - R_Knee Y	15 - R_Knee Z	16 - R_Ankle X	16 - R_Ankle Y	16 - R_Ankle Z	17 - R_Heel X	17 - R_Heel Y	17 - R_Heel Z	18 - R_Meta_V X	18 - R_Meta_V Y	18 - R_Meta_V Z	19 - R_Toe_II X	19 - R_Toe_II Y	19 - R_Toe_II Z	
119	1.18000	341.204	299.258	1814.116	317.832	510.946	1488.631	301.931	562.535	1127.307	436.824	627.139	908.965	328.009	138.353	1490.015	290.221	65.341	1123.997	409.427	-3.427	906.008	331.385	492.653	932.131	315.318	469.920	512.600	281.394	439.455	64.485	223.097	404.170	22.777	396.828	455.525	26.765	492.208	415.255	19.169	322.737	142.026	933.825	326.056	174.141	512.978	286.463	201.583	67.690	236.033	251.099	22.720	399.810	167.430	23.294	499.254	204.631	20.032
120	1.19000	341.176	299.248	1814.007	317.728	510.856	1488.634	301.864	562.602	1127.290	436.687	627.181	908.941	327.965	138.417	1489.961	290.190	65.270	1124.033	409.497	-3.375	905.983	331.450	492.686	932.123	315.377	469.974	512.555	281.313	439.556	64.558	223.163	404.223	22.709	396.619	455.589	26.810	492.389	415.191	19.144	322.720	142.027	933.790	326.074	174.104	513.030	286.563	201.757	67.733	236.033	251.101	22.707	399.861	167.511	23.330	499.280	204.685	20.000
121	1.20000	341.355	299.344	1814.062	317.745	510.905	1488.553	301.766	562.595	1127.298	436.535	627.190	908.999	327.960	138.440	1489.935	290.171	65.291	1124.010	409.394	-3.393	906.021	331.365	492.762	932.206	315.268	470.015	512.676	281.311	439.513	64.496	223.168	404.235	22.655	396.650	455.577	26.767	492.336	415.236	19.107	322.720	142.055	933.786	326.087	174.237	513.076	286.584	201.619	67.569	235.992	251.097	22.660	399.755	167.580	23.196	499.174	204.691	19.999
122	1.21000	341.324	299.194	1814.076	317.803	510.987	1488.576	301.684	562.639	1127.384	436.514	627.066	908.884	327.909	138.494	1489.894	290.113	65.278	1123.969	409.283	-3.342	905.981	331.424	492.740	932.164	315.272	470.007	512.572	281.435	439.446	64.399	223.091	404.204	22.782	396.621	455.607	26.889	492.277	415.195	19.177	322.767	142.120	933.723	326.113	174.267	512.978	286.552	201.631	67.614	235.944	251.112	22.760	399.724	167.554	23.251	499.276	204.633	19.994
123	1.22000	341.528	299.236	1814.164	317.754	510.966	1488.644	301.454	562.650	1127.356	436.458	627.024	908.880	327.947	138.394	1489.917	290.097	65.351	1123.920	409.172	-3.304	905.909	331.287	492.922	932.176	315.472	469.957	512.504	281.423	439.509	64.480	223.064	404.172	22.810	396.611	455.636	26.705	492.409	415.061	19.224	322.693	142.133	933.709	326.108	174.179	512.890	286.783	201.478	67.581	235.973	251.127	22.785	399.857	167.493	23.250	499.313	204.650	19.970
124	1.23000	341.608	299.165	1814.193	317.653	510.919	1488.607	301.533	562.700	1127.361	436.203	627.142	908.886	327.909	138.400	1489.922	290.017	65.333	1123.910	409.024	-3.350	905.930	331.301	492.884	932.169	315.329	470.105	512.567	281.387	439.575	64.546	223.113	404.168	22.799	396.886	455.592	26.771	492.325	415.143	19.140	322.774	142.135	933.784	325.977	174.212	513.022	286.444	201.663	67.714	235.950	251.058	22.705	399.788	167.506	23.347	499.264	204.659	20.030
125	1.24000	341.545	299.151	1814.087	317.816	511.094	1488.662	301.394	562.563	1127.410	436.077	627.114	908.947	327.928	138.446	1489.883	289.995	65.371	1123.968	408.892	-3.367	905.900	331.320	492.869	932.184	315.304	469.990	512.591	281.387	439.570	64.508	223.030	404.172	22.727	396.636	455.618	26.802	492.143	415.245	19.106	322.742	142.109	933.870	326.133	174.274	512.940	286.441	201.768	67.825	235.963	251.091	22.734	399.763	167.497	23.245	499.266	204.659	19.977
126	1.25000	341.663	299.209	1814.179	317.750	511.047	1488.656	301.333	562.590	1127.362	435.838	627.210	908.816	327.986	138.490	1489.894	289.798	65.369	1123.998	408.764	-3.286	905.952	331.248	492.924	932.260	315.357	470.075	512.590	281.433	439.505	64.467	223.131	404.153	22.762	396.711	455.507	26.770	492.195	415.276	19.154	322.508	142.207	933.811	326.089	174.278	512.954	286.698	201.541	67.582	235.951	251.123	22.797	399.840	167.520	23.297	499.212	204.642	19.937
127	1.26000	341.576	299.136	1814.135	317.763	511.053	1488.709	301.132	562.674	1127.460	435.794	627.130	908.818	327.990	138.489	1489.936	289.813	65.455	1124.024	408.724	-3.394	905.881	331.300	492.807	932.146	315.381	470.090	512.611	281.353	439.503	64.442	223.060	404.201	22.774	396.672	455.607	26.760	492.284	415.200	19.123	322.606	142.243	933.803	326.045	174.214	512.983	286.501	201.648	67.756	235.908	251.092	22.749	399.798	167.558	23.218	499.192	204.666	19.956
128	1.27000	341.730	299.117	1814.130	317.782	511.112	1488.699	301.075	562.716	1127.465	435.665	627.135	908.826	327.938	138.497	1489.886	289.727	65.409	1124.022	408.592	-3.330	905.901	331.292	492.992	932.144	315.564	470.126	512.565	281.331	439.535	64.531	223.110	404.182	22.735	396.661	455.534	26.641	492.165	415.311	19.156	322.578	142.334	933.880	326.026	174.226	512.993	286.523	201.676	67.724	235.985	251.173	22.698	399.847	167.476	23.266	499.228	204.601	19.941
129	1.28000	341.693	299.189	1814.088	317.758	511.120	1488.642	301.069	562.640	1127.442	435.586	627.101	908.749	327.853	138.478	1489.935	289.630	65.394	1124.004	408.427	-3.315	905.857	331.246	493.007	932.171	315.389	470.036	512.628	281.413	439.492	64.473	223.165	404.138	22.704	396.794	455.611	26.799	492.177	415.293	19.211	322.522	142.301	933.768	326.109	174.282	513.020	286.359	201.904	67.792	235.958	251.125	22.674	399.845	167.447	23.227	499.256	204.657	19.938
130	1.29000	342.079	299.181	1814.045	317.917	511.287	1488.650	300.954	562.749	1127.496	435.514	627.187	908.778	327.949	138.588	1489.916	289.577	65.452	1124.076	408.301	-3.315	905.853	331.218	492.941	932.063	315.396	470.116	512.511	281.393	439.536	64.484	223.098	404.262	22.695	396.784	455.720	26.797	492.202	415.291	19.088	322.396	142.312	933.907	325.971	174.283	512.996	286.615	201.596	67.631	236.028	251.111	22.723	399.853	167.534	23.305	499.218	204.726	19.994
131	1.30000	341.943	299.193	1814.056	317.775	511.199	1488.697	301.062	562.633	1127.480	435.398	627.198	908.773	327.861	138.511	1489.984	289.560	65.461	1124.007	408.247	-3.278	905.816	331.209	492.945	932.093	315.530	470.196	512.682	281.361	439.523	64.472	223.138	404.226	22.675	396.661	455.665	26.866	492.386	415.091	19.157	322.366	142.357	933.850	326.091	174.337	512.942	286.665	201.615	67.734	235.958	251.148	22.658	399.817	167.495	23.228	499.244	204.651	20.012
132	1.31000	342.074	299.228	1814.135	317.780	511.167	1488.681	301.019	562.669	1127.389	435.249	627.192	908.626	327.842	138.590	1490.020	289.510	65.530	1124.072	408.089	-3.236	905.820	331.230	493.025	932.209	315.496	470.082	512.538	281.390	439.526	64.522	223.101	404.124	22.743	396.608	455.464	26.672	492.218	415.227	19.077	322.447	142.227	933.909	326.132	174.324	513.023	286.357	201.786	67.795	235.976	251.090	22.712	399.798	167.495	23.287	499.218	204.606	20.048
133	1.32000	342.137	299.273	1814.101	317.819	511.219	1488.614	301.017	562.655	1127.377	435.180	627.148	908.638	327.835	138.588	1489.989	289.500	65.591	1124.061	407.945	-3.203	905.814	331.100	493.097	932.201	315.509	470.135	512.503	281.425	439.516	64.379	223.045	404.220	22.766	396.759	455.520	26.854	492.269	415.278	19.078	322.418	142.410	933.825	326.174	174.384	512.919	286.312	201.770	67.670	236.002	251.098	22.732	399.754	167.483	23.320	499.257	204.649	20.007
134	1.33000	341.972	299.157	1814.132	317.774	511.231	1488.621	300.863	562.787	1127.448	435.162	627.180	908.636	327.846	138.649	1489.980	289.312	65.679	1124.181	407.832	-3.163	905.829	331.065	493.044	932.117	315.422	470.081	512.561	281.407	439.559	64.493	223.081	404.185	22.716	396.685	455.562	26.714	492.220	415.326	19.203	322.377	142.508	933.803	325.986	174.313	513.086	286.673	201.499	67.660	236.020	251.138	22.758	399.834	167.496	23.219	499.241	204.628	19.951
135	1.34000	342.086	299.298	1814.095	317.809	511.295	1488.681	300.823	562.750	1127.479	435.090	627.233	908.605	327.772	138.594	1490.045	289.220	65.624	1124.139	407.714	-3.161	905.837	331.043	493.166	932.187	315.611	470.219	512.672	281.329	439.551	64.501	223.109	404.167	22.745	396.715	455.598	26.852	492.165	415.276	19.145	322.380	142.356	933.828	326.043	174.316	513.043	286.489	201.695	67.670	235.942	251.082	22.834	399.798	167.541	23.249	499.206	204.663	19.970
136	1.35000	342.214	299.394	1814.069	317.746	511.281	1488.641	300.898	562.749	1127.468	435.055	627.230	908.558	327.763	138.605	1490.030	289.124	65.655	1124.184	407.666	-3.145	905.802	331.079	493.108	932.144	315.558	470.181	512.618	281.393	439.558	64.498	223.150	404.069	22.710	396.817	455.768	26.868	492.113	415.291	19.151	322.246	142.478	933.831	325.928	174.341	513.080	286.654	201.610	67.725	235.933	251.142	22.782	399.846	167.508	23.205	499.281	204.663	20.018
137	1.36000	342.279	299.417	1814.053	317.905	511.420	1488.611	300.872	562.686	1127.413	435.001	627.244	908.598	327.759	138.646	1489.983	289.012	65.654	1124.225	407.574	-3.087	905.828	331.137	493.134	932.157	315.747	470.324	512.661	281.323	439.575	64.486	223.142	404.238	22.710	396.574	455.449	26.672	492.287	415.165	19.095	322.299	142.420	933.826	326.006	174.323	513.009	286.644	201.594	67.681	235.975	251.124	22.733	399.785	167.503	23.311	499.225	204.669	20.047
138	1.37000	342.224	299.484	1814.139	317.725	511.349	1488.613	300.837	562.726	1127.408	434.992	627.296	908.501	327.724	138.661	1490.039	288.958	65.675	1124.220	407.513	-3.082	905.793	331.156	493.132	932.180	315.711	470.297	512.586	281.446	439.517	64.481	223.122	404.201	22.727	396.663	455.518	26.798	492.178	415.276	19.120	322.133	142.475	933.877	326.057	174.375	512.909	286.413	201.727	67.744	236.011	251.065	22.738	399.673	167.589	23.201	499.243	204.684	20.012
139	1.38000	342.358	299.604	1814.085	317.836	511.400	1488.596	300.852	562.741	1127.360	434.971	627.268	908.460	327.721	138.733	1490.006	288.962	65.621	1124.204	407.456	-3.070	905.820	331.091	493.146	932.176	315.632	470.159	512.549	281.424	439.524	64.438	223.010	404.194	22.765	396.672	455.558	26.823	492.245	415.172	19.136	322.211	142.579	933.771	326.053	174.408	512.924	286.619	201.604	67.618	235.968	251.174	22.766	399.880	167.453	23.284	499.217	204.681	19.953
140	1.39000	342.350	299.664	1814.147	317.765	511.376	1488.596	300.750	562.887	1127.373	434.925	627.278	908.452	327.677	138.843	1489.990	288.841	65.754	1124.248	407.316	-3.079	905.825	331.165	493.177	932.176	315.621	470.246	512.583	281.419	439.546	64.396	223.097	404.200	22.676	396.657	455.494	26.693	492.215	415.096	19.096	322.172	142.587	933.836	325.956	174.331	513.068	286.680	201.642	67.775	235.962	251.147	22.761	399.711	167.590	23.254	499.277	204.718	19.985
141	1.40000	342.296	299.807	1814.180	317.761	511.411	1488.557	300.673	562.879	1127.376	434.913	627.282	908.461	327.607	138.739	1490.011	288.791	65.650	1124.240	407.223	-3.056	905.836	331.141	493.189	932.219	315.608	470.249	512.577	281.354	439.541	64.499	223.146	404.202	22.731	396.818	455.509	26.781	492.130	415.258	19.186	322.063	142.578	933.825	326.020	174.427	512.947	286.399	201.866	67.835	235.989	251.076	22.629	399.817	167.534	23.203	499.280	204.661	19.942
142	1.41000	342.291	299.861	1814.066	317.734	511.426	1488.495	300.816	562.819	1127.317	434.923	627.327	908.469	327.540	138.824	1490.014	288.639	65.778	1124.283	407.146	-3.019	905.859	331.213	493.227	932.219	315.689	470.156	512.548	281.409	439.571	64.473	223.109	404.147	22.670	396.622	455.623	26.773	492.180	415.241	19.141	322.094	142.642	933.781	325.954	174.398	512.959	286.475	201.694	67.708	236.033	251.107	22.683	399.821	167.586	23.252	499.209	204.665	20.052
143	1.42000	342.421	299.859	1814.096	317.768	511.479	1488.543	300.755	562.932	1127.259	434.997	627.352	908.390	327.501	138.887	1489.962	288.581	65.764	1124.330	407.041	-3.051	905.837	331.222	493.318	932.162	315.767	470.281	512.616	281.372	439.651	64.514	223.051	404.187	22.788	396.558	455.626	26.679	492.176	415.299	19.242	322.048	142.640	933.821	325.949	174.414	512.938	286.613	201.680	67.785	235.971	251.140	22.774	399.773	167.596	23.243	499.184	204.625	20.024
144	1.43000	342.392	299.969	1814.096	317.727	511.509	1488.485	300.744	562.939	1127.293	434.999	627.273	908.409	327.501	138.922	1490.036	288.514	65.749	1124.338	406.958	-3.046	905.863	331.106	493.379	932.152	315.648	470.251	512.677	281.320	439.505	64.485	223.130	404.240	22.758	396.634	455.578	26.782	492.203	415.312	19.184	322.000	142.691	933.891	325.973	174.405	513.050	286.556	201.754	67.720	236.053	251.131	22.651	399.807	167.518	23.279	499.168	204.629	20.009
145	1.44000	342.371	299.962	1814.107	317.746	511.493	1488.527	300.730	562.889	1127.343	434.948	627.283	908.375	327.436	138.939	1490.034	288.522	65.845	1124.296	406.860	-3.130	905.820	331.213	493.295	932.162	315.664	470.176	512.597	281.405	439.589	64.484	223.117	404.263	22.729	396.623	455.548	26.740	492.161	415.321	19.196	321.997	142.664	933.881	325.944	174.407	513.050	286.471	201.743	67.679	235.917	251.182	22.681	399.789	167.539	23.277	499.244	204.643	20.014
146	1.45000	342.402	300.060	1814.021	317.810	511.537	1488.480	300.830	562.835	1127.221	435.016	627.398	908.438	327.376	139.024	1489.996	288.338	65.822	1124.355	406.794	-3.160	905.846	331.233	493.305	932.201	315.845	470.376	512.664	281.437	439.578	64.446	223.135	404.225	22.674	396.595	455.603	26.812	492.179	415.269	19.094	321.972	142.701	933.905	326.071	174.384	512.954	286.595	201.586	67.691	235.977	251.115	22.769	399.790	167.527	23.249	499.230	204.691	19.965
147	1.46000	342.342	300.168	1813.979	317.747	511.616	1488.441	300.906	562.880	1127.277	435.065	627.375	908.396	327.378	139.029	1490.029	288.268	65.852	1124.368	406.592	-3.149	905.868	331.217	493.232	932.266	315.668	470.256	512.634	281.366	439.574	64.543	223.067	404.217	22.795	396.681	455.459	26.734	492.328	415.112	19.143	321.947	142.731	933.871	325.873	174.416	513.007	286.565	201.666	67.570	235.987	251.083	22.611	399.816	167.527	23.242	499.216	204.625	20.004
148	1.47000	342.364	300.239	1814.050	317.814	511.675	1488.391	300.811	562.929	1127.200	435.019	627.377	908.320	327.337	139.051	1490.025	288.380	65.919	1124.321	406.555	-3.211	905.892	331.243	493.375	932.216	315.940	470.366	512.614	281.415	439.548	64.463	223.111	404.148	22.757	396.825	455.456	26.815	492.128	415.301	19.179	321.902	142.760	933.836	325.973	174.414	513.001	286.347	201.778	67.828	235.936	251.159	22.723	399.760	167.522	23.290	499.225	204.705	19.960
149	1.48000	342.404	300.276	1813.946	317.762	511.703	1488.411	300.867	562.898	1127.225	434.972	627.399	908.365	327.252	139.101	1490.082	288.251	65.877	1124.335	406.427	-3.268	905.911	331.278	493.372	932.148	315.890	470.470	512.686	281.412	439.543	64.433	223.070	404.232	22.708	396.635	455.587	26.701	492.087	415.282	19.147	321.975	142.736	933.816	325.926	174.400	513.137	286.612	201.613	67.536	235.908	251.098	22.621	399.780	167.533	23.259	499.198	204.635	20.033
150	1.49000	342.407	300.277	1814.136	317.822	511.732	1488.402	300.852	562.933	1127.185	434.976	627.439	908.360	327.223	139.190	1490.079	288.203	65.897	1124.405	406.341	-3.307	905.935	331.264	493.332	932.204	315.884	470.389	512.592	281.412	439.617	64.467	223.124	404.244	22.669	396.795	455.673	26.826	492.130	415.206	19.126	322.038	142.715	933.890	325.979	174.422	513.074	286.421	201.772	67.814	236.009	251.160	22.690	399.769	167.555	23.301	499.274	204.628	20.006
151	1.50000	342.419	300.359	1813.980	317.844	511.747	1488.373	300.754	563.079	1127.233	435.093	627.343	908.305	327.287	139.197	1490.078	288.146	65.919	1124.396	406.304	-3.345	905.922	331.211	493.396	932.167	315.868	470.311	512.527	281.335	439.563	64.509	223.042	404.158	22.797	396.635	455.603	26.802	492.137	415.188	19.132	322.005	142.665	933.860	326.060	174.449	512.957	286.639	201.553	67.590	235.920	251.133	22.810	399.728	167.545	23.240	499.188	204.648	20.004
152	1.51000	342.541	300.447	1814.037	317.826	511.785	1488.359	300.844	563.058	1127.168	435.122	627.353	908.255	327.225	139.267	1490.008	288.167	66.000	1124.391	406.133	-3.354	905.928	331.283	493.448	932.123	315.696	470.192	512.575	281.291	439.640	64.538	223.112	404.173	22.751	396.577	455.584	26.802	492.153	415.322	19.163	321.849	142.734	933.931	325.979	174.391	512.997	286.479	201.737	67.704	235.888	251.127	22.742	399.817	167.512	23.252	499.224	204.703	20.012
153	1.52000	342.482	300.502	1814.027	318.016	511.930	1488.335	300.819	563.088	1127.246	435.153	627.309	908.199	327.148	139.269	1490.133	288.011	65.956	1124.484	406.207	-3.387	905.942	331.239	493.440	932.216	315.779	470.241	512.500	281.488	439.642	64.493	223.121	404.203	22.674	396.750	455.501	26.788	492.148	415.255	19.110	321.879	142.782	933.793	325.975	174.453	512.953	286.433	201.648	67.577	235.950	251.096	22.724	399.746	167.516	23.273	499.195	204.626	19.942
154	1.53000	342.336	300.541	1813.868	317.961	511.895	1488.374	301.001	563.041	1127.169	435.197	627.329	908.248	327.134	139.411	1490.113	287.735	66.098	1124.597	406.134	-3.361	905.944	331.282	493.383	932.231	315.843	470.340	512.576	281.379	439.538	64.436	223.133	404.182	22.724	396.598	455.513	26.808	492.138	415.263	19.062	321.893	142.798	933.841	325.889	174.463	512.990	286.524	201.703	67.733	235.902	251.106	22.675	399.812	167.549	23.246	499.221	204.627	20.014
155	1.54000	342.536	300.562	1813.986	318.129	512.005	1488.307	300.940	563.093	1127.202	435.328	627.266	908.235	327.087	139.427	1490.084	287.728	66.076	1124.574	406.015	-3.402	905.978	331.264	493.353	932.153	315.960	470.411	512.614	281.314	439.602	64.574	223.097	404.179	22.705	396.613	455.447	26.719	492.208	415.117	19.202	321.947	142.782	933.768	325.859	174.453	513.084	286.222	201.720	67.739	236.012	251.146	22.742	399.808	167.504	23.217	499.239	204.633	20.029
156	1.55000	342.497	300.683	1813.913	318.014	512.008	1488.300	300.936	563.195	1127.152	435.313	627.258	908.166	327.159	139.478	1490.068	287.928	65.969	1124.523	405.991	-3.425	906.008	331.253	493.453	932.166	315.869	470.437	512.615	281.463	439.604	64.470	223.062	404.225	22.719	396.783	455.588	26.875	492.168	415.269	19.145	321.786	142.760	933.882	325.859	174.446	513.070	286.445	201.767	67.797	235.983	251.139	22.638	399.762	167.440	23.286	499.198	204.695	20.027
157	1.56000	342.504	300.695	1814.015	318.170	512.089	1488.314	300.973	563.220	1127.182	435.357	627.314	908.201	326.885	139.615	1490.038	287.686	66.083	1124.554	405.957	-3.486	906.014	331.286	493.405	932.109	315.905	470.565	512.681	281.357	439.570	64.550	223.139	404.247	22.713	396.783	455.499	26.844	492.276	415.145	19.114	321.920	142.723	933.884	325.953	174.459	513.084	286.507	201.602	67.679	235.894	251.128	22.665	399.763	167.510	23.244	499.232	204.639	20.014
158	1.57000	342.494	300.736	1813.895	318.170	512.104	1488.271	301.134	563.134	1127.120	435.412	627.272	908.146	327.059	139.545	1490.159	287.643	66.118	1124.598	405.891	-3.494	906.082	331.310	493.444	932.210	315.779	470.366	512.575	281.436	439.559	64.449	223.034	404.201	22.661	396.814	455.470	26.784	492.223	415.160	19.137	321.894	142.786	933.800	325.922	174.435	513.028	286.664	201.581	67.660	235.933	251.166	22.735	399.843	167.511	23.297	499.163	204.667	19.945
159	1.58000	342.515	300.782	1813.986	318.170	512.170	1488.298	301.147	563.215	1127.079	435.383	627.311	908.157	327.127	139.594	1490.097	287.535	66.170	1124.656	405.860	-3.499	906.076	331.298	493.453	932.137	315.784	470.339	512.584	281.394	439.653	64.532	223.113	404.217	22.691	396.652	455.482	26.715	492.251	415.130	19.149	321.862	142.813	933.960	325.926	174.467	513.046	286.721	201.585	67.657	235.945	251.079	22.733	399.843	167.500	23.212	499.185	204.675	20.046
160	1.59000	342.601	300.891	1814.006	318.338	512.208	1488.254	301.071	563.300	1127.105	435.387	627.317	908.102	327.070	139.692	1490.135	287.857	66.097	1124.548	405.775	-3.523	906.086	331.378	493.385	932.149	315.938	470.438	512.609	281.464	439.596	64.450	223.190	404.225	22.695	396.649	455.564	26.803	492.174	415.251	19.166	321.975	142.687	933.859	325.871	174.418	513.110	286.576	201.670	67.750	236.015	251.146	22.823	399.795	167.542	23.259	499.193	204.688	20.031
161	1.60000	342.581	300.972	1813.972	318.351	512.288	1488.264	301.279	563.261	1127.021	435.391	627.359	908.089	327.045	139.695	1490.091	287.651	66.217	1124.632	405.818	-3.499	906.031	331.372	493.410	932.156	315.938	470.492	512.623	281.489	439.579	64.506	223.150	404.242	22.656	396.561	455.519	26.737	492.170	415.250	19.165	321.824	142.765	933.857	325.974	174.456	513.074	286.589	201.700	67.832	235.952	251.191	22.756	399.750	167.495	23.290	499.194	204.617	20.043
162	1.61000	342.736	301.007	1813.928	318.345	512.324	1488.194	301.263	563.209	1127.070	435.462	627.321	908.004	327.075	139.780	1490.189	287.647	66.187	1124.524	405.732	-3.535	906.060	331.385	493.477	932.092	315.978	470.572	512.633	281.506	439.609	64.374	223.060	404.215	22.730	396.671	455.562	26.813	492.158	415.287	19.143	321.837	142.830	933.951	325.899	174.414	513.120	286.484	201.707	67.721	235.999	251.064	22.760	399.791	167.543	23.246	499.248	204.617	20.056
163	1.62000	342.819	301.064	1813.930	318.421	512.335	1488.260	301.278	563.259	1127.056	435.432	627.311	908.059	327.070	139.833	1490.140	287.667	66.243	1124.637	405.721	-3.561	906.054	331.380	493.540	932.135	315.841	470.409	512.550	281.436	439.653	64.528	223.063	404.252	22.753	396.770	455.560	26.764	492.110	415.247	19.114	321.878	142.903	933.910	325.912	174.479	513.016	286.572	201.629	67.678	236.013	251.178	22.763	399.766	167.439	23.278	499.201	204.636	20.047
164	1.63000	342.829	301.060	1813.924	318.466	512.383	1488.268	301.222	563.376	1127.048	435.503	627.284	907.938	327.106	139.843	1490.073	287.794	66.307	1124.615	405.687	-3.539	906.058	331.492	493.439	932.087	315.935	470.540	512.500	281.442	439.592	64.518	223.049	404.274	22.726	396.749	455.465	26.790	492.186	415.249	19.092	321.893	142.749	933.953	325.901	174.387	513.184	286.632	201.649	67.696	235.980	251.129	22.760	399.839	167.553	23.298	499.233	204.672	20.006
165	1.64000	342.838	301.152	1813.780	318.569	512.475	1488.272	301.334	563.354	1127.013	435.554	627.266	907.925	327.068	139.954	1490.112	287.750	66.330	1124.643	405.667	-3.479	906.129	331.470	493.493	932.087	315.852	470.385	512.585	281.376	439.646	64.524	223.057	404.216	22.662	396.702	455.683	26.847	492.142	415.265	19.172	321.890	142.893	933.815	326.049	174.476	512.933	286.443	201.762	67.703	235.987	251.136	22.756	399.789	167.543	23.247	499.229	204.697	20.041
166	1.65000	343.063	301.186	1813.884	318.581	512.453	1488.184	301.374	563.565	1126.991	435.552	627.218	907.952	327.124	139.980	1490.145	287.804	66.353	1124.614	405.708	-3.443	906.104	331.344	493.572	932.168	315.940	470.501	512.543	281.381	439.614	64.476	223.131	404.265	22.552	396.643	455.541	26.761	492.253	415.167	19.253	321.834	142.823	933.997	325.946	174.482	512.991	286.606	201.511	67.625	235.992	251.197	22.665	399.777	167.585	23.254	499.178	204.625	20.022
167	1.66000	342.954	301.240	1813.754	318.724	512.615	1488.208	301.441	563.543	1126.973	435.646	627.175	907.895	327.166	139.943	1490.095	287.782	66.395	1124.608	405.661	-3.422	906.050	331.525	493.478	932.020	315.993	470.559	512.612	281.446	439.580	64.442	223.171	404.239	22.711	396.618	455.540	26.814	492.263	415.132	19.120	321.918	142.851	933.961	326.045	174.507	513.029	286.378	201.818	67.853	235.972	251.137	22.740	399.816	167.555	23.235	499.180	204.653	19.985
168	1.67000	343.134	301.326	1813.866	318.661	512.535	1488.181	301.498	563.576	1126.957	435.691	627.242	907.897	327.214	140.015	1490.077	287.827	66.393	1124.662	405.687	-3.398	906.077	331.603	493.536	932.115	315.942	470.513	512.605	281.408	439.590	64.492	223.099	404.219	22.651	396.557	455.440	26.738	492.194	415.189	19.124	321.705	142.873	934.060	326.098	174.573	513.032	286.440	201.731	67.765	235.937	251.153	22.751	399.813	167.526	23.285	499.214	204.606	20.031
169	1.68000	343.213	301.350	1813.914	318.760	512.569	1488.227	301.513	563.639	1126.994	435.660	627.250	907.907	327.224	140.181	1490.121	287.809	66.442	1124.611	405.669	-3.321	906.072	331.492	493.666	932.107	316.082	470.606	512.624	281.411	439.572	64.491	223.056	404.212	22.716	396.744	455.503	26.747	492.264	415.059	19.135	321.864	142.783	933.964	326.016	174.510	512.997	286.456	201.790	67.658	235.999	251.171	22.728	399.806	167.518	23.254	499.194	204.618	20.016
170	1.69000	343.417	301.416	1813.938	318.762	512.562	1488.169	301.465	563.504	1127.003	435.859	627.272	907.908	327.249	140.092	1490.124	287.768	66.501	1124.648	405.715	-3.246	906.062	331.658	493.493	932.064	316.118	470.583	512.583	281.432	439.617	64.477	223.051	404.352	22.635	396.762	455.553	26.825	492.332	415.126	19.147	321.797	142.947	933.998	326.087	174.550	513.020	286.589	201.656	67.664	236.041	251.122	22.676	399.788	167.494	23.285	499.232	204.640	19.961
171	1.70000	343.505	301.337	1813.851	318.880	512.575	1488.193	301.550	563.442	1126.918	435.770	627.242	907.895	327.280	140.170	1490.153	287.874	66.569	1124.579	405.734	-3.211	906.074	331.608	493.607	932.119	316.096	470.568	512.505	281.425	439.662	64.448	223.120	404.202	22.632	396.741	455.437	26.778	492.165	415.283	19.190	321.842	142.824	933.977	325.993	174.530	513.048	286.542	201.755	67.769	235.942	251.066	22.810	399.725	167.483	23.198	499.160	204.645	20.046
172	1.71000	343.642	301.573	1813.866	318.896	512.627	1488.145	301.617	563.444	1126.960	435.914	627.179	907.908	327.323	140.315	1490.088	287.812	66.607	1124.575	405.742	-3.150	906.071	331.731	493.627	932.038	315.941	470.507	512.617	281.360	439.608	64.470	223.067	404.234	22.711	396.725	455.451	26.627	492.251	415.056	19.124	321.841	143.025	933.977	326.090	174.552	513.154	286.591	201.643	67.751	235.954	251.171	22.764	399.814	167.464	23.258	499.292	204.698	19.945
173	1.72000	343.677	301.507	1813.818	318.957	512.656	1488.242	301.633	563.614	1126.933	435.740	627.199	907.836	327.362	140.178	1490.118	287.815	66.600	1124.664	405.707	-3.134	906.072	331.724	493.602	932.039	315.970	470.539	512.579	281.450	439.599	64.470	223.049	404.236	22.745	396.746	455.509	26.838	492.179	415.226	19.177	321.905	142.998	933.916	326.063	174.473	513.090	286.545	201.669	67.856	236.032	251.191	22.671	399.787	167.525	23.276	499.228	204.597	20.029
174	1.73000	343.802	301.573	1813.823	319.094	512.710	1488.175	301.796	563.616	1126.859	435.985	627.184	907.883	327.434	140.285	1490.092	287.942	66.677	1124.563	405.706	-3.076	906.061	331.772	493.581	931.990	316.104	470.524	512.606	281.352	439.617	64.494	223.088	404.265	22.677	396.682	455.460	26.640	492.137	415.254	19.167	321.707	142.981	933.991	326.027	174.551	513.079	286.466	201.749	67.698	235.979	251.111	22.719	399.744	167.529	23.274	499.219	204.622	19.956
175	1.74000	344.043	301.568	1813.719	319.121	512.655	1488.166	301.816	563.596	1126.835	435.869	627.146	907.792	327.489	140.369	1490.095	287.923	66.725	1124.514	405.760	-2.965	906.024	331.788	493.687	932.107	315.982	470.509	512.507	281.406	439.602	64.406	223.068	404.248	22.656	396.752	455.638	26.760	492.349	415.110	19.142	322.007	143.021	933.945	326.123	174.557	513.030	286.443	201.785	67.808	235.977	251.155	22.707	399.792	167.515	23.273	499.209	204.690	19.936
176	1.75000	343.897	301.513	1813.714	319.252	512.731	1488.157	301.779	563.521	1126.922	435.945	627.255	907.828	327.606	140.400	1490.021	287.933	66.743	1124.605	405.788	-2.891	906.005	331.784	493.667	932.004	316.128	470.712	512.520	281.453	439.576	64.397	223.129	404.227	22.634	396.752	455.666	26.870	492.109	415.247	19.160	322.064	142.990	933.884	326.071	174.567	513.063	286.668	201.627	67.752	235.984	251.159	22.670	399.789	167.446	23.249	499.190	204.613	19.995
177	1.76000	344.197	301.518	1813.787	319.221	512.724	1488.127	301.644	563.625	1126.979	435.959	627.228	907.832	327.676	140.289	1490.055	288.030	66.754	1124.542	405.841	-2.841	905.956	331.763	493.707	932.031	316.023	470.520	512.525	281.394	439.656	64.516	223.041	404.269	22.732	396.814	455.515	26.778	492.083	415.227	19.114	322.142	142.944	933.960	326.098	174.562	513.054	286.456	201.705	67.716	235.990	251.123	22.698	399.728	167.544	23.204	499.182	204.598	20.027
178	1.77000	344.497	301.538	1813.766	319.331	512.808	1488.224	301.687	563.660	1126.999	435.952	627.246	907.753	327.715	140.435	1490.083	288.020	66.796	1124.526	405.884	-2.825	905.968	331.818	493.675	932.038	316.119	470.687	512.607	281.321	439.607	64.529	223.129	404.230	22.667	396.658	455.580	26.772	492.173	415.207	19.168	322.022	143.048	933.962	326.093	174.579	513.028	286.448	201.780	67.800	236.012	251.189	22.754	399.832	167.505	23.243	499.296	204.643	19.981
179	1.78000	344.596	301.515	1813.707	319.412	512.798	1488.137	301.744	563.699	1126.964	435.996	627.323	907.764	327.869	140.463	1490.085	288.162	66.928	1124.531	405.772	-2.758	905.902	331.907	493.727	932.084	316.046	470.584	512.512	281.410	439.556	64.391	223.045	404.341	22.639	396.876	455.524	26.776	492.269	415.176	19.140	322.030	143.144	934.007	326.028	174.566	513.026	286.555	201.563	67.593	236.019	251.158	22.705	399.820	167.532	23.244	499.121	204.608	20.015
180	1.79000	344.624	301.517	1813.774	319.448	512.687	1488.169	301.773	563.751	1126.920	436.121	627.204	907.661	327.946	140.429	1490.056	288.141	66.882	1124.570	405.949	-2.696	905.951	331.960	493.727	932.035	315.994	470.563	512.479	281.459	439.634	64.408	223.030	404.224	22.634	396.774	455.461	26.783	492.243	415.111	19.192	322.023	143.116	934.041	326.117	174.622	513.123	286.561	201.661	67.705	235.942	251.141	22.793	399.803	167.560	23.301	499.255	204.635	19.966
181	1.80000	344.733	301.468	1813.725	319.521	512.761	1488.157	301.813	563.634	1126.931	435.949	627.310	907.788	328.050	140.544	1490.040	288.134	66.923	1124.614	405.912	-2.665	905.895	331.885	493.795	932.059	316.067	470.562	512.518	281.393	439.627	64.422	222.989	404.266	22.715	396.837	455.558	26.823	492.303	415.140	19.148	322.078	143.122	934.016	326.142	174.604	513.064	286.677	201.670	67.708	236.007	251.147	22.694	399.807	167.509	23.297	499.186	204.674	20.021
182	1.81000	345.122	301.618	1813.573	319.623	512.811	1488.168	301.793	563.722	1126.993	435.954	627.373	907.787	328.101	140.430	1490.046	288.226	66.937	1124.579	405.892	-2.562	905.782	331.950	493.802	932.036	315.940	470.627	512.565	281.408	439.638	64.482	223.013	404.246	22.742	396.817	455.365	26.658	492.283	415.160	19.179	322.132	143.170	933.964	326.050	174.645	513.077	286.339	201.826	67.841	235.958	251.119	22.662	399.814	167.564	23.278	499.189	204.624	20.041
183	1.82000	345.160	301.536	1813.717	319.737	512.791	1488.218	301.782	563.752	1126.966	435.817	627.392	907.710	328.254	140.454	1490.003	288.260	67.052	1124.538	405.961	-2.556	905.830	331.909	493.902	932.028	315.965	470.649	512.494	281.426	439.638	64.432	223.076	404.284	22.764	396.742	455.412	26.798	492.239	415.184	19.135	322.187	143.168	933.892	326.110	174.675	513.018	286.465	201.705	67.750	235.957	251.149	22.717	399.803	167.544	23.268	499.222	204.646	19.951
184	1.83000	345.264	301.467	1813.640	319.780	512.786	1488.270	301.868	563.736	1127.008	435.996	627.334	907.739	328.366	140.452	1490.030	288.315	67.051	1124.445	405.946	-2.439	905.793	332.004	493.818	932.047	316.044	470.688	512.552	281.369	439.623	64.405	223.031	404.388	22.608	396.735	455.643	26.799	492.172	415.264	19.207	322.238	143.242	933.881	326.134	174.726	513.031	286.448	201.754	67.734	235.970	251.128	22.681	399.876	167.544	23.214	499.242	204.678	19.968
185	1.84000	345.419	301.546	1813.611	319.930	512.831	1488.253	301.851	563.723	1127.018	435.786	627.460	907.776	328.471	140.438	1490.012	288.361	67.041	1124.432	406.026	-2.420	905.722	332.024	493.812	931.984	316.178	470.826	512.477	281.435	439.661	64.509	223.014	404.267	22.683	396.814	455.528	26.835	492.092	415.234	19.130	322.280	143.211	933.906	326.199	174.647	513.045	286.548	201.629	67.648	235.975	251.166	22.722	399.806	167.446	23.282	499.241	204.622	19.980
186	1.85000	345.540	301.548	1813.649	320.024	512.786	1488.281	301.992	563.683	1127.006	435.734	627.487	907.723	328.586	140.562	1489.939	288.391	67.066	1124.520	405.999	-2.352	905.711	331.962	493.962	932.027	316.173	470.867	512.606	281.289	439.612	64.474	223.006	404.287	22.705	396.797	455.620	26.854	492.185	415.238	19.153	322.276	143.225	933.987	326.205	174.692	512.918	286.493	201.766	67.692	235.950	251.145	22.699	399.774	167.577	23.288	499.243	204.657	19.940
187	1.86000	345.748	301.481	1813.624	320.120	512.827	1488.324	302.097	563.677	1127.008	435.909	627.394	907.737	328.764	140.549	1490.005	288.496	67.064	1124.470	406.029	-2.350	905.744	332.115	493.896	931.985	316.160	470.900	512.580	281.324	439.604	64.552	223.128	404.250	22.628	396.731	455.489	26.687	492.382	415.007	19.124	322.358	143.278	933.934	326.185	174.774	513.055	286.396	201.783	67.801	235.954	251.102	22.669	399.771	167.497	23.316	499.235	204.656	19.922
188	1.87000	345.779	301.408	1813.573	320.267	512.893	1488.402	302.119	563.847	1126.997	435.819	627.472	907.753	328.726	140.568	1489.969	288.499	67.150	1124.393	405.985	-2.231	905.607	332.138	493.911	931.973	316.202	470.858	512.610	281.373	439.601	64.458	223.119	404.369	22.743	396.634	455.557	26.705	492.162	415.307	19.205	322.415	143.305	933.894	326.145	174.777	513.055	286.358	201.796	67.819	235.928	251.101	22.771	399.781	167.472	23.290	499.187	204.645	19.924
189	1.88000	345.705	301.259	1813.667	320.360	512.892	1488.357	302.038	563.788	1127.047	435.929	627.455	907.682	328.927	140.626	1489.969	288.605	67.135	1124.484	406.111	-2.200	905.614	332.173	493.982	932.051	316.099	470.903	512.575	281.470	439.556	64.385	223.085	404.236	22.727	396.691	455.555	26.792	492.307	415.199	19.193	322.464	143.319	933.894	326.148	174.764	513.067	286.381	201.967	67.743	235.974	251.104	22.715	399.857	167.516	23.276	499.201	204.628	20.018
190	1.89000	346.018	301.331	1813.608	320.419	512.935	1488.342	302.098	563.818	1127.062	435.629	627.617	907.686	329.020	140.730	1489.910	288.656	67.195	1124.413	406.173	-2.133	905.594	332.089	494.005	931.992	316.107	470.755	512.465	281.345	439.620	64.457	223.121	404.246	22.708	396.734	455.435	26.741	492.272	415.093	19.182	322.463	143.339	933.966	326.300	174.797	513.020	286.540	201.803	67.723	235.958	251.155	22.690	399.807	167.492	23.292	499.173	204.656	19.982
191	1.90000	346.259	301.314	1813.624	320.512	512.893	1488.401	301.991	563.935	1127.131	435.812	627.590	907.791	329.249	140.649	1490.013	288.751	67.190	1124.463	406.222	-2.074	905.601	332.175	493.973	932.025	316.229	470.933	512.541	281.382	439.667	64.495	223.041	404.298	22.758	396.611	455.544	26.775	492.182	415.207	19.184	322.637	143.377	933.874	326.275	174.801	513.056	286.612	201.572	67.593	235.986	251.084	22.708	399.852	167.544	23.254	499.322	204.644	20.004
192	1.91000	346.484	301.352	1813.649	320.581	512.955	1488.462	302.133	563.921	1127.047	435.669	627.693	907.736	329.442	140.627	1490.049	288.800	67.241	1124.525	406.244	-2.066	905.589	332.169	494.030	932.022	315.929	470.857	512.504	281.265	439.617	64.534	223.117	404.225	22.604	396.487	455.548	26.751	492.316	415.168	19.120	322.709	143.458	933.882	326.326	174.907	512.952	286.479	201.830	67.757	235.950	251.136	22.706	399.800	167.502	23.244	499.202	204.654	20.001
193	1.92000	346.503	301.165	1813.723	320.728	512.905	1488.408	302.041	564.067	1127.161	435.855	627.549	907.692	329.460	140.713	1490.056	288.856	67.257	1124.547	406.243	-1.987	905.583	332.111	494.136	932.016	316.163	470.929	512.378	281.373	439.615	64.459	223.136	404.208	22.693	396.718	455.467	26.750	492.227	415.210	19.205	322.750	143.473	933.899	326.291	174.903	513.034	286.379	201.709	67.751	235.909	251.065	22.710	399.769	167.515	23.214	499.243	204.666	20.020
194	1.93000	346.887	301.220	1813.566	320.772	512.938	1488.413	302.243	563.996	1127.152	435.874	627.665	907.624	329.550	140.611	1489.990	288.915	67.280	1124.553	406.319	-1.972	905.536	332.257	494.163	931.999	316.054	470.791	512.406	281.345	439.612	64.456	223.096	404.239	22.788	396.589	455.558	26.784	492.221	415.092	19.116	322.792	143.466	933.812	326.466	174.906	513.041	286.374	201.707	67.875	236.001	251.096	22.709	399.806	167.515	23.281	499.282	204.679	19.931
195	1.94000	346.748	300.999	1813.576	320.917	512.938	1488.455	302.172	564.108	1127.143	435.660	627.835	907.669	329.792	140.678	1490.163	289.071	67.351	1124.504	406.329	-1.946	905.535	332.391	494.163	931.996	316.127	470.742	512.398	281.323	439.676	64.467	223.086	404.252	22.647	396.622	455.469	26.653	492.202	415.208	19.151	322.974	143.560	933.776	326.369	174.938	513.014	286.345	201.924	67.765	235.903	251.095	22.676	399.772	167.525	23.245	499.251	204.675	19.978
196	1.95000	347.243	301.169	1813.606	320.923	512.927	1488.504	302.202	564.124	1127.139	435.757	627.721	907.703	329.850	140.654	1490.106	289.124	67.305	1124.575	406.413	-1.971	905.583	332.378	494.164	931.908	316.049	470.927	512.449	281.408	439.558	64.412	223.053	404.271	22.730	396.695	455.635	26.751	492.230	415.266	19.156	322.895	143.503	933.957	326.458	174.950	513.071	286.605	201.654	67.678	235.974	251.079	22.722	399.666	167.538	23.299	499.306	204.719	19.952
197	1.96000	347.162	301.116	1813.715	321.043	512.984	1488.469	302.205	564.157	1127.246	435.708	627.888	907.773	329.936	140.695	1490.083	289.182	67.340	1124.535	406.488	-1.929	905.591	332.306	494.310	931.953	316.288	471.080	512.527	281.268	439.602	64.498	223.129	404.203	22.617	396.624	455.596	26.772	492.204	415.268	19.127	323.040	143.622	933.830	326.498	175.029	513.006	286.470	201.806	67.939	236.002	251.065	22.682	399.807	167.561	23.206	499.196	204.671	19.970
198	1.97000	347.390	301.031	1813.578	321.056	512.980	1488.552	302.249	564.198	1127.206	435.716	627.934	907.694	329.817	140.624	1490.022	289.265	67.355	1124.508	406.573	-1.900	905.601	332.396	494.226	931.978	316.076	470.917	512.389	281.384	439.624	64.453	223.037	404.351	22.831	396.797	455.511	26.693	492.424	415.102	19.058	322.941	143.708	933.896	326.371	174.947	513.036	286.537	201.876	67.786	235.958	251.142	22.767	399.880	167.541	23.251	499.198	204.715	20.013
199	1.98000	347.681	301.167	1813.508	321.180	512.985	1488.479	302.351	564.141	1127.240	435.723	628.042	907.729	330.079	140.602	1490.061	289.312	67.361	1124.506	406.663	-1.909	905.564	332.356	494.335	931.988	316.127	471.021	512.355	281.360	439.563	64.406	223.057	404.280	22.794	396.642	455.634	26.741	492.182	415.309	19.135	323.246	143.596	933.794	326.488	175.011	513.052	286.403	201.863	67.824	235.905	251.131	22.728	399.837	167.502	23.298	499.243	204.682	19.944
200	1.99000	347.925	301.164	1813.526	321.175	512.986	1488.514	302.404	564.182	1127.224	435.905	627.981	907.691	330.063	140.693	1490.146	289.403	67.310	1124.495	406.751	-1.898	905.552	332.451	494.334	932.014	316.147	470.920	512.334	281.369	439.570	64.375	223.092	404.267	22.719	396.649	455.526	26.657	492.251	415.175	19.005	323.180	143.683	933.925	326.595	175.027	513.070	286.375	201.825	67.886	235.932	251.109	22.656	399.843	167.601	23.307	499.184	204.682	19.940
201	2.00000	347.916	301.107	1813.494	321.308	513.009	1488.528	302.441	564.232	1127.214	435.729	628.116	907.697	330.274	140.805	1490.141	289.582	67.350	1124.485	406.847	-1.891	905.537	332.517	494.330	931.956	316.397	471.182	512.377	281.366	439.531	64.442	223.144	404.220	22.548	396.729	455.525	26.716	492.324	415.168	19.132	323.348	143.726	933.894	326.591	175.010	513.004	286.598	201.586	67.512	235.975	251.126	22.739	399.695	167.611	23.230	499.247	204.675	20.030
202	2.01000	348.014	301.049	1813.566	321.302	512.935	1488.541	302.421	564.356	1127.212	435.893	628.136	907.758	330.282	140.684	1490.096	289.579	67.353	1124.556	406.928	-1.878	905.593	332.638	494.345	931.925	316.169	471.015	512.426	281.374	439.603	64.399	223.152	404.269	22.648	396.663	455.522	26.715	492.280	415.112	19.136	323.179	143.842	933.875	326.576	175.051	512.994	286.697	201.603	67.659	235.924	251.107	22.684	399.764	167.548	23.296	499.211	204.652	20.037
203	2.02000	348.172	301.145	1813.563	321.405	513.040	1488.497	302.633	564.254	1127.204	435.986	628.175	907.733	330.390	140.757	1490.102	289.706	67.341	1124.501	407.047	-1.903	905.593	332.649	494.333	932.010	316.080	471.154	512.419	281.362	439.606	64.391	223.127	404.226	22.752	396.629	455.582	26.787	492.199	415.230	19.180	323.428	143.743	933.888	326.620	175.052	512.987	286.452	201.760	67.783	236.029	251.084	22.690	399.693	167.628	23.237	499.222	204.673	19.953
204	2.03000	348.307	301.077	1813.506	321.442	513.038	1488.535	302.705	564.339	1127.177	435.848	628.307	907.816	330.514	140.721	1490.126	289.834	67.363	1124.505	407.203	-1.892	905.575	332.606	494.430	932.012	316.144	471.073	512.403	281.338	439.524	64.417	222.978	404.304	22.766	396.560	455.567	26.713	492.251	415.252	19.247	323.599	143.763	933.907	326.666	175.045	513.092	286.470	201.785	67.768	235.982	251.153	22.769	399.837	167.504	23.273	499.228	204.715	20.027
205	2.04000	348.488	301.166	1813.460	321.490	513.123	1488.520	302.580	564.407	1127.231	436.125	628.273	907.780	330.522	140.748	1490.119	289.970	67.388	1124.478	407.331	-1.921	905.578	332.649	494.456	931.987	316.263	471.081	512.335	281.389	439.561	64.405	223.091	404.305	22.715	396.621	455.668	26.731	492.220	415.222	19.110	323.644	143.778	933.958	326.603	175.079	513.047	286.431	201.879	67.805	235.938	251.086	22.645	399.853	167.546	23.261	499.255	204.644	20.003
206	2.05000	348.568	301.182	1813.466	321.518	513.045	1488.568	302.638	564.485	1127.213	436.026	628.317	907.797	330.637	140.708	1490.057	290.058	67.372	1124.454	407.437	-1.911	905.632	332.723	494.517	931.982	316.349	471.251	512.333	281.334	439.570	64.405	223.166	404.268	22.781	396.772	455.640	26.780	492.223	415.292	19.137	323.531	143.987	933.789	326.701	175.152	513.006	286.452	201.765	67.829	235.950	251.106	22.701	399.778	167.551	23.267	499.208	204.706	19.987
207	2.06000	348.629	301.161	1813.486	321.641	513.130	1488.552	302.646	564.708	1127.296	436.207	628.463	907.855	330.735	140.794	1490.125	290.077	67.314	1124.452	407.586	-1.994	905.596	332.796	494.518	931.912	316.126	471.158	512.315	281.312	439.499	64.416	223.077	404.243	22.768	396.654	455.669	26.788	492.300	415.062	19.081	323.765	143.799	933.846	326.678	175.053	513.083	286.478	201.897	67.794	235.922	251.035	22.710	399.944	167.561	23.289	499.249	204.702	19.963
208	2.07000	348.644	301.028	1813.432	321.805	513.125	1488.545	302.844	564.414	1127.159	436.174	628.461	907.825	330.898	140.837	1490.091	290.137	67.329	1124.443	407.847	-1.964	905.648	332.803	494.472	931.936	316.164	471.118	512.369	281.352	439.530	64.429	223.132	404.303	22.733	396.793	455.475	26.746	492.265	415.227	19.155	323.728	143.962	933.846	326.823	175.072	512.983	286.513	201.708	67.888	235.968	251.149	22.743	399.816	167.535	23.296	499.264	204.652	19.941
209	2.08000	348.733	301.138	1813.425	321.804	513.095	1488.570	302.591	564.656	1127.280	436.250	628.531	907.901	330.981	140.783	1490.042	290.307	67.347	1124.436	407.934	-2.002	905.665	332.807	494.487	931.943	316.180	471.105	512.281	281.287	439.500	64.398	223.061	404.209	22.688	396.759	455.612	26.668	492.219	415.218	19.076	323.892	143.864	933.823	326.822	175.123	512.987	286.544	201.820	67.825	236.003	251.097	22.633	399.837	167.543	23.230	499.206	204.677	20.078
210	2.09000	348.890	301.132	1813.415	321.897	513.106	1488.554	302.764	564.610	1127.258	436.397	628.570	907.853	331.006	140.807	1490.084	290.464	67.382	1124.375	408.082	-2.009	905.657	332.851	494.568	931.949	316.253	471.157	512.338	281.289	439.556	64.513	223.164	404.254	22.683	396.578	455.572	26.661	492.222	415.198	19.156	323.915	143.924	933.887	326.888	175.022	513.009	286.656	201.633	67.753	235.997	251.138	22.763	399.844	167.601	23.361	499.223	204.717	19.932
211	2.10000	348.896	301.149	1813.433	321.927	513.184	1488.614	302.865	564.845	1127.262	436.442	628.701	907.895	331.108	140.880	1490.096	290.554	67.317	1124.429	408.180	-2.007	905.710	332.876	494.583	931.956	316.238	471.156	512.339	281.312	439.518	64.483	223.117	404.218	22.693	396.624	455.680	26.798	492.415	415.100	19.161	324.038	143.909	933.851	326.871	175.029	513.032	286.508	201.751	67.625	235.991	251.074	22.722	399.899	167.559	23.294	499.274	204.715	19.995
212	2.11000	348.973	301.213	1813.394	321.916	513.238	1488.595	302.944	564.822	1127.273	436.390	628.598	907.784	331.121	140.914	1490.113	290.663	67.334	1124.369	408.296	-2.003	905.673	332.967	494.542	931.993	316.370	471.351	512.363	281.349	439.579	64.448	223.088	404.220	22.694	396.710	455.726	26.777	492.264	415.133	19.084	324.088	143.905	933.833	326.947	175.118	513.046	286.515	201.754	67.731	235.954	251.094	22.763	399.837	167.551	23.274	499.234	204.678	19.960
213	2.12000	349.085	301.142	1813.416	322.114	513.190	1488.585	302.836	564.947	1127.338	436.422	628.677	907.842	331.281	140.899	1490.108	290.689	67.343	1124.411	408.415	-2.016	905.700	332.968	494.488	931.887	316.309	471.206	512.346	281.334	439.515	64.431	223.059	404.245	22.731	396.584	455.625	26.794	492.231	415.271	19.097	323.908	143.997	933.938	327.017	175.173	513.013	286.586	201.851	67.681	236.049	251.120	22.633	399.836	167.544	23.252	499.262	204.665	20.037
214	2.13000	349.023	301.172	1813.479	322.294	513.201	1488.551	302.936	564.727	1127.298	436.562	628.709	907.854	331.330	140.863	1490.078	290.818	67.329	1124.380	408.513	-2.033	905.722	332.992	494.526	931.952	316.313	471.124	512.355	281.311	439.549	64.424	223.041	404.216	22.805	396.662	455.643	26.744	492.195	415.225	19.141	324.030	143.897	933.869	327.028	175.112	513.040	286.608	201.642	67.677	235.917	251.037	22.798	399.792	167.620	23.225	499.225	204.638	20.034
215	2.14000	349.074	301.210	1813.389	322.391	513.260	1488.546	302.964	564.984	1127.343	436.635	628.837	908.003	331.447	140.926	1490.136	290.898	67.291	1124.423	408.566	-2.043	905.720	332.980	494.570	931.913	316.510	471.296	512.341	281.240	439.529	64.482	223.137	404.219	22.693	396.760	455.580	26.736	492.305	415.278	19.179	324.138	143.901	933.951	326.985	175.123	513.044	286.449	201.823	67.830	235.989	251.130	22.680	399.815	167.597	23.333	499.256	204.667	19.918
216	2.15000	349.476	301.303	1813.327	322.426	513.237	1488.603	303.059	564.980	1127.306	436.538	628.748	907.862	331.463	140.972	1490.084	291.036	67.316	1124.414	408.714	-2.052	905.731	333.003	494.500	931.932	316.329	471.178	512.351	281.274	439.498	64.446	223.028	404.196	22.744	396.652	455.528	26.660	492.249	415.224	19.109	324.171	143.877	933.891	327.113	175.107	512.999	286.656	201.756	67.723	235.994	251.117	22.677	399.834	167.588	23.283	499.195	204.712	19.948
217	2.16000	349.404	301.255	1813.384	322.526	513.267	1488.582	303.127	564.957	1127.352	436.526	628.792	907.848	331.630	140.971	1490.119	291.109	67.332	1124.405	408.770	-2.047	905.783	333.045	494.549	931.842	316.521	471.325	512.440	281.279	439.498	64.389	223.089	404.278	22.727	396.553	455.595	26.738	492.322	415.146	19.131	324.194	143.845	933.861	327.107	175.102	512.998	286.521	201.658	67.823	235.977	251.115	22.687	399.782	167.621	23.364	499.185	204.658	20.001
218	2.17000	349.521	301.301	1813.274	322.667	513.280	1488.462	303.179	565.036	1127.372	436.774	628.874	907.923	331.621	140.981	1490.163	291.200	67.330	1124.415	408.865	-2.039	905.795	333.107	494.504	931.883	316.644	471.290	512.411	281.389	439.445	64.353	223.123	404.253	22.691	396.667	455.559	26.760	492.331	415.118	19.152	324.270	143.896	933.892	327.077	175.139	513.007	286.611	201.734	67.683	235.965	251.078	22.783	399.913	167.554	23.294	499.185	204.697	20.006
219	2.18000	349.501	301.290	1813.314	322.574	513.356	1488.575	303.308	565.040	1127.309	436.709	628.888	907.793	331.750	140.951	1490.149	291.245	67.366	1124.380	408.972	-2.055	905.720	333.092	494.528	931.852	316.511	471.320	512.415	281.241	439.589	64.435	223.080	404.221	22.738	396.663	455.593	26.736	492.293	415.155	19.159	324.248	143.892	933.839	327.110	175.141	513.008	286.510	201.740	67.781	236.014	251.148	22.716	399.813	167.520	23.315	499.247	204.667	20.052
220	2.19000	349.547	301.286	1813.421	322.868	513.299	1488.427	303.234	564.988	1127.444	436.763	628.895	907.824	331.791	141.046	1490.170	291.302	67.335	1124.464	409.043	-2.055	905.805	332.990	494.617	931.924	316.554	471.333	512.375	281.347	439.533	64.410	223.121	404.280	22.764	396.615	455.496	26.724	492.338	415.219	19.201	324.282	143.918	933.813	327.065	175.045	513.034	286.575	201.692	67.772	235.977	251.051	22.678	399.815	167.484	23.324	499.161	204.736	20.064
221	2.20000	349.687	301.315	1813.302	322.850	513.356	1488.513	303.674	564.935	1127.315	436.754	628.899	907.881	331.896	141.054	1490.183	291.352	67.299	1124.508	409.090	-1.993	905.784	333.236	494.458	931.802	316.574	471.313	512.412	281.336	439.526	64.401	223.052	404.240	22.754	396.745	455.528	26.719	492.216	415.300	19.144	324.209	143.872	933.922	327.124	175.149	513.070	286.566	201.823	67.702	236.054	251.079	22.687	399.842	167.576	23.361	499.220	204.700	20.091
222	2.21000	349.814	301.407	1813.309	323.001	513.348	1488.456	303.340	565.075	1127.356	436.731	628.843	907.712	332.072	141.040	1490.183	291.517	67.356	1124.407	409.091	-1.995	905.809	333.021	494.588	931.887	316.540	471.307	512.467	281.223	439.513	64.530	223.107	404.263	22.633	396.833	455.560	26.719	492.183	415.182	19.076	324.288	143.870	933.864	327.087	175.086	513.079	286.518	201.712	67.707	235.896	251.118	22.732	399.814	167.536	23.324	499.260	204.675	20.000
223	2.22000	349.917	301.435	1813.288	322.986	513.366	1488.513	303.463	565.021	1127.364	436.770	628.939	907.800	332.126	141.043	1490.149	291.503	67.279	1124.518	409.183	-1.953	905.785	333.062	494.593	931.939	316.410	471.119	512.310	281.319	439.500	64.388	223.029	404.251	22.811	396.720	455.639	26.764	492.224	415.216	19.082	324.278	143.942	933.895	327.112	175.081	513.025	286.554	201.768	67.813	235.973	251.037	22.714	399.858	167.557	23.292	499.280	204.720	19.988
224	2.23000	350.046	301.428	1813.353	323.102	513.423	1488.484	303.416	565.043	1127.408	436.750	628.926	907.872	332.101	141.093	1490.180	291.620	67.332	1124.500	409.274	-1.976	905.794	333.253	494.480	931.842	316.554	471.297	512.354	281.367	439.523	64.384	223.081	404.298	22.737	396.681	455.573	26.758	492.237	415.266	19.150	324.329	143.904	933.914	327.117	175.083	513.143	286.556	201.861	67.906	235.960	251.037	22.723	399.814	167.561	23.348	499.257	204.707	20.012
225	2.24000	350.027	301.420	1813.274	323.153	513.414	1488.462	303.569	564.961	1127.410	436.752	628.929	907.691	332.313	141.034	1490.239	291.554	67.319	1124.575	409.263	-1.948	905.755	333.258	494.543	931.836	316.583	471.400	512.425	281.365	439.500	64.374	223.135	404.295	22.747	396.583	455.614	26.784	492.330	415.133	19.091	324.377	143.948	933.842	327.042	175.088	513.044	286.645	201.780	67.751	235.974	251.083	22.706	399.895	167.584	23.336	499.283	204.656	19.971
226	2.25000	350.114	301.411	1813.334	323.171	513.379	1488.498	303.527	564.968	1127.433	436.881	629.045	907.781	332.403	141.077	1490.270	291.716	67.318	1124.476	409.260	-1.946	905.777	333.326	494.554	931.820	316.555	471.314	512.316	281.264	439.533	64.388	223.019	404.271	22.646	396.673	455.599	26.786	492.247	415.205	19.071	324.283	143.894	933.962	327.040	175.097	513.036	286.505	201.752	67.784	235.972	251.101	22.771	399.784	167.627	23.379	499.205	204.706	19.934
227	2.26000	350.128	301.439	1813.336	323.290	513.403	1488.444	303.619	565.033	1127.347	436.748	629.014	907.789	332.454	141.090	1490.133	291.801	67.301	1124.464	409.353	-1.976	905.786	333.246	494.542	931.888	316.608	471.266	512.360	281.256	439.510	64.435	223.037	404.323	22.770	396.643	455.612	26.736	492.220	415.261	19.170	324.354	143.976	933.861	327.054	175.087	513.005	286.514	201.815	67.731	235.942	251.045	22.703	399.787	167.586	23.265	499.245	204.742	20.029
228	2.27000	350.363	301.525	1813.303	323.267	513.429	1488.491	303.572	565.012	1127.415	436.765	628.986	907.773	332.612	141.072	1490.252	291.825	67.305	1124.492	409.332	-1.915	905.781	333.350	494.504	931.740	316.537	471.334	512.330	281.384	439.543	64.450	223.118	404.273	22.778	396.624	455.619	26.665	492.320	415.156	19.141	324.387	143.963	933.948	327.048	175.130	513.075	286.225	201.779	67.925	235.983	251.097	22.655	399.838	167.591	23.332	499.189	204.673	20.032
229	2.28000	350.402	301.516	1813.327	323.305	513.465	1488.481	303.752	564.935	1127.327	436.838	629.048	907.760	332.630	141.086	1490.241	291.779	67.328	1124.520	409.398	-1.890	905.801	333.200	494.613	931.866	316.505	471.436	512.394	281.311	439.563	64.378	223.120	404.258	22.753	396.826	455.737	26.795	492.165	415.216	19.160	324.418	143.987	933.839	327.051	175.147	513.105	286.733	201.688	67.776	236.013	251.088	22.693	399.869	167.609	23.242	499.193	204.769	19.951
230	2.29000	350.536	301.533	1813.364	323.380	513.418	1488.532	303.642	564.985	1127.420	436.826	628.963	907.762	332.700	141.083	1490.223	291.981	67.316	1124.534	409.426	-1.896	905.706	333.335	494.569	931.855	316.579	471.349	512.387	281.362	439.564	64.349	223.074	404.248	22.766	396.653	455.554	26.663	492.340	415.005	19.129	324.304	143.983	933.930	327.048	175.170	513.039	286.623	201.659	67.803	235.909	251.065	22.702	399.891	167.580	23.243	499.188	204.702	20.042
231	2.30000	350.641	301.552	1813.344	323.450	513.416	1488.511	303.553	564.927	1127.439	436.701	628.976	907.754	332.887	141.057	1490.234	291.894	67.250	1124.525	409.365	-1.882	905.784	333.286	494.611	931.857	316.642	471.341	512.304	281.367	439.532	64.362	223.061	404.227	22.825	396.653	455.643	26.750	492.254	415.128	19.196	324.318	143.991	933.952	326.994	175.167	513.018	286.471	201.753	67.850	235.902	251.089	22.681	399.828	167.570	23.230	499.170	204.671	19.941
232	2.31000	350.610	301.561	1813.305	323.452	513.396	1488.520	303.635	564.956	1127.424	436.789	628.940	907.701	332.873	141.077	1490.217	291.916	67.250	1124.593	409.357	-1.893	905.809	333.401	494.606	931.796	316.352	471.236	512.307	281.359	439.526	64.393	223.081	404.247	22.663	396.660	455.454	26.601	492.385	415.110	19.191	324.390	143.990	933.834	327.030	175.100	513.040	286.508	201.794	67.690	235.952	251.056	22.743	399.933	167.528	23.214	499.247	204.735	20.012
233	2.32000	350.698	301.590	1813.244	323.505	513.417	1488.530	303.730	564.896	1127.444	436.684	628.979	907.598	333.023	141.077	1490.189	291.978	67.247	1124.602	409.403	-1.838	905.723	333.413	494.580	931.816	316.331	471.317	512.318	281.391	439.538	64.420	223.111	404.198	22.789	396.705	455.584	26.795	492.396	415.147	19.095	324.372	143.984	933.930	327.040	175.085	513.039	286.597	201.847	67.711	235.887	250.979	22.737	399.901	167.604	23.261	499.145	204.721	19.932
234	2.33000	350.706	301.615	1813.305	323.451	513.440	1488.617	303.570	564.892	1127.470	436.695	628.875	907.674	332.925	141.088	1490.317	291.960	67.236	1124.603	409.377	-1.900	905.736	333.456	494.531	931.769	316.423	471.247	512.356	281.349	439.516	64.458	223.105	404.170	22.752	396.607	455.503	26.689	492.396	415.181	19.177	324.323	143.971	933.945	327.091	175.172	513.015	286.433	201.805	67.846	235.995	251.052	22.673	399.792	167.552	23.365	499.206	204.688	20.043
235	2.34000	350.720	301.570	1813.258	323.533	513.389	1488.595	303.697	564.935	1127.517	436.695	628.842	907.717	333.144	141.070	1490.268	292.015	67.277	1124.541	409.367	-1.909	905.722	333.299	494.596	931.965	316.406	471.292	512.311	281.312	439.501	64.409	223.096	404.328	22.760	396.705	455.578	26.714	492.213	415.260	19.162	324.394	144.019	933.932	327.114	175.189	512.980	286.612	201.719	67.794	235.991	251.119	22.704	399.852	167.572	23.280	499.266	204.723	20.044
236	2.35000	350.953	301.594	1813.262	323.598	513.381	1488.526	303.792	564.799	1127.408	436.697	628.889	907.735	333.192	141.087	1490.187	292.079	67.253	1124.600	409.274	-1.916	905.747	333.434	494.569	931.865	316.395	471.274	512.353	281.379	439.536	64.381	223.080	404.232	22.701	396.569	455.608	26.812	492.201	415.263	19.188	324.413	144.025	933.949	327.043	175.160	512.991	286.926	201.723	67.828	235.955	251.062	22.713	399.738	167.597	23.224	499.159	204.700	20.022
237	2.36000	350.996	301.639	1813.282	323.594	513.456	1488.530	303.615	564.778	1127.491	436.659	628.899	907.702	333.158	141.111	1490.262	292.103	67.293	1124.603	409.277	-1.965	905.688	333.516	494.594	931.797	316.385	471.219	512.318	281.314	439.484	64.417	223.101	404.246	22.774	396.586	455.660	26.782	492.185	415.247	19.189	324.439	144.017	933.893	326.980	175.129	513.045	286.455	201.761	67.778	235.958	251.143	22.685	399.888	167.561	23.260	499.187	204.726	19.997
238	2.37000	351.153	301.629	1813.290	323.756	513.407	1488.514	303.736	564.792	1127.474	436.649	628.843	907.679	333.337	141.119	1490.287	292.080	67.233	1124.674	409.216	-1.929	905.678	333.538	494.552	931.829	316.416	471.276	512.331	281.351	439.587	64.446	223.048	404.316	22.783	396.639	455.458	26.667	492.226	415.182	19.145	324.486	144.025	933.899	327.099	175.192	513.007	286.309	201.892	67.798	235.961	251.113	22.722	399.824	167.526	23.257	499.242	204.726	20.004
239	2.38000	351.179	301.608	1813.221	323.778	513.365	1488.497	303.665	564.862	1127.535	436.629	628.820	907.654	333.460	141.090	1490.213	292.044	67.247	1124.589	409.198	-2.049	905.687	333.599	494.619	931.873	316.421	471.298	512.372	281.305	439.540	64.388	223.112	404.209	22.728	396.655	455.641	26.736	492.150	415.216	19.108	324.536	144.064	933.915	327.034	175.184	513.112	286.531	201.792	67.845	235.869	251.080	22.691	399.686	167.647	23.246	499.207	204.705	19.951
240	2.39000	351.195	301.638	1813.277	323.668	513.415	1488.541	303.692	564.770	1127.359	436.608	628.758	907.640	333.552	141.098	1490.179	292.273	67.286	1124.601	409.182	-1.970	905.663	333.562	494.643	931.829	316.748	471.398	512.375	281.342	439.578	64.393	223.179	404.191	22.644	396.661	455.625	26.761	492.322	415.132	19.105	324.571	144.056	933.951	327.121	175.169	512.983	286.609	201.692	67.631	235.976	251.068	22.595	400.014	167.485	23.305	499.156	204.742	19.939
241	2.40000	351.321	301.701	1813.310	323.758	513.430	1488.486	303.749	564.795	1127.422	436.728	628.826	907.623	333.536	141.113	1490.220	292.157	67.250	1124.623	409.167	-1.936	905.682	333.661	494.595	931.766	316.709	471.428	512.339	281.273	439.568	64.457	223.068	404.293	22.730	396.672	455.587	26.766	492.250	415.277	19.212	324.576	144.055	933.908	327.168	175.172	513.016	286.600	201.762	67.781	235.951	251.067	22.720	399.803	167.542	23.342	499.132	204.650	20.014
242	2.41000	351.405	301.576	1813.210	323.807	513.438	1488.536	303.657	564.845	1127.359	436.657	628.859	907.576	333.561	141.127	1490.213	292.190	67.302	1124.653	409.192	-1.951	905.658	333.660	494.625	931.840	316.449	471.287	512.252	281.355	439.505	64.372	223.030	404.286	22.741	396.711	455.639	26.809	492.320	415.131	19.220	324.638	144.025	933.874	327.160	175.130	513.087	286.574	201.775	67.748	235.951	251.016	22.694	399.776	167.505	23.294	499.282	204.699	20.014
243	2.42000	351.370	301.613	1813.242	323.790	513.464	1488.509	303.712	564.742	1127.356	436.564	628.728	907.461	333.592	141.084	1490.252	292.159	67.296	1124.607	409.195	-1.926	905.700	333.728	494.651	931.867	316.531	471.272	512.242	281.367	439.503	64.463	223.061	404.220	22.798	396.877	455.483	26.823	492.194	415.237	19.150	324.687	144.022	933.865	327.099	175.163	513.098	286.504	201.656	67.810	235.995	251.086	22.681	399.690	167.655	23.222	499.168	204.715	19.926
244	2.43000	351.522	301.720	1813.235	323.897	513.418	1488.424	303.743	564.882	1127.429	436.509	628.802	907.477	333.666	141.104	1490.212	292.219	67.250	1124.509	409.211	-1.921	905.649	333.772	494.634	931.802	316.762	471.408	512.312	281.289	439.523	64.400	223.128	404.200	22.661	396.684	455.762	26.813	492.400	415.178	19.082	324.676	144.080	933.911	327.221	175.130	512.964	286.544	201.640	67.879	235.901	251.102	22.629	399.865	167.563	23.258	499.266	204.678	20.015
245	2.44000	351.537	301.624	1813.234	323.890	513.482	1488.383	303.680	564.771	1127.417	436.570	628.802	907.434	333.615	141.190	1490.230	292.147	67.261	1124.702	409.114	-1.912	905.637	333.779	494.627	931.855	316.578	471.196	512.314	281.376	439.580	64.451	223.171	404.248	22.756	396.694	455.649	26.770	492.188	415.152	19.103	324.809	144.071	933.845	327.319	175.241	512.969	286.694	201.725	67.666	235.965	251.120	22.725	399.829	167.604	23.267	499.280	204.704	20.014
246	2.45000	351.595	301.751	1813.254	324.046	513.426	1488.481	303.804	564.826	1127.362	436.576	628.781	907.518	333.648	141.158	1490.236	292.222	67.238	1124.647	409.135	-1.892	905.598	333.799	494.584	931.779	316.768	471.392	512.379	281.327	439.536	64.475	223.095	404.197	22.722	396.713	455.540	26.737	492.280	415.067	19.172	324.810	144.048	933.853	327.407	175.300	512.984	286.454	201.716	67.800	235.986	251.048	22.731	399.856	167.616	23.211	499.196	204.761	20.037
247	2.46000	351.764	301.749	1813.226	323.993	513.484	1488.539	303.726	564.749	1127.410	436.476	628.781	907.487	333.579	141.168	1490.261	292.153	67.192	1124.621	409.108	-1.976	905.645	333.869	494.583	931.823	316.799	471.360	512.325	281.325	439.490	64.438	223.101	404.211	22.747	396.641	455.592	26.707	492.187	415.196	19.149	324.801	144.051	933.844	327.377	175.265	512.921	286.465	201.850	67.731	236.024	251.052	22.675	399.653	167.602	23.277	499.217	204.729	20.002
