NO_OF_SAMPLES	303
FREQUENCY	100
TIME_STAMP	2025-09-18, 15:44:55	2502.10000300
FIRST_SAMPLE	167
DESCRIPTION	Force data in local (force plate) coordinates
DATA_INCLUDED	Force
FORCE_PLATE_TYPE	Amti
FORCE_PLATE_MODEL	Unknown
FORCE_PLATE_NAME	Force-plate 1
FORCE_PLATE_CORNER_POSX_POSY_X	-88.329201
FORCE_PLATE_CORNER_POSX_POSY_Y	573.721008
FORCE_PLATE_CORNER_POSX_POSY_Z	0.000000
FORCE_PLATE_CORNER_NEGX_POSY_X	-89.185501
FORCE_PLATE_CORNER_NEGX_POSY_Y	115.864998
FORCE_PLATE_CORNER_NEGX_POSY_Z	0.000000
FORCE_PLATE_CORNER_NEGX_NEGY_X	-592.245972
FORCE_PLATE_CORNER_NEGX_NEGY_Y	113.574997
FORCE_PLATE_CORNER_NEGX_NEGY_Z	0.000000
FORCE_PLATE_CORNER_POSX_NEGY_X	-594.474976
FORCE_PLATE_CORNER_POSX_NEGY_Y	572.864990
FORCE_PLATE_CORNER_POSX_NEGY_Z	0.000000
FORCE_PLATE_LENGTH	508.000000
FORCE_PLATE_WIDTH	463.550000
Sample	Time	Force_X	Force_Y	Force_Z	Moment_X	Moment_Y	Moment_Z	COP_X	COP_Y	COP_Z
167	1.66000	-10.059503	-112.503101	268.586169	-24.388079	12.293442	4.137693	-44.402182	-74.348195	0.000000	
168	1.67000	-11.364685	-109.450187	270.359961	-24.301706	14.199830	4.482831	-50.967092	-74.003218	0.000000	
169	1.68000	-12.537474	-106.919044	269.562314	-24.018323	16.289810	4.726057	-58.693987	-73.550639	0.000000	
170	1.69000	-13.508855	-104.888526	268.598800	-23.744338	18.706547	4.747966	-67.754675	-73.099455	0.000000	
171	1.70000	-14.595602	-103.860929	266.652232	-23.468817	21.088000	4.535404	-77.013582	-72.752260	0.000000	
172	1.71000	-16.043367	-103.472315	264.416556	-23.119518	23.080484	4.373771	-84.976473	-72.101338	0.000000	
173	1.72000	-16.464052	-100.575445	262.814982	-22.889749	24.863138	4.717811	-92.211295	-72.110724	0.000000	
174	1.73000	-17.089985	-97.447583	262.079578	-22.473637	26.285070	4.938438	-97.798187	-71.208497	0.000000	
175	1.74000	-17.917335	-93.387682	261.698571	-22.220324	27.469184	5.394647	-102.336675	-70.973477	0.000000	
176	1.75000	-18.380724	-90.624959	261.470867	-21.907492	28.275329	5.537785	-105.436799	-70.267505	0.000000	
177	1.76000	-19.320256	-88.547362	261.134989	-21.627504	28.728107	5.566901	-107.159978	-69.608100	0.000000	
178	1.77000	-20.074414	-87.498093	260.524920	-21.492985	28.999284	5.618546	-108.333875	-69.417031	0.000000	
179	1.78000	-20.893176	-87.795990	260.081178	-21.387181	29.170870	5.710809	-109.050332	-69.081183	0.000000	
180	1.79000	-22.209154	-88.895713	260.877992	-21.444848	29.367648	5.807930	-109.267131	-68.921732	0.000000	
181	1.80000	-23.679807	-91.595271	262.024552	-21.632292	29.581541	5.973163	-109.378025	-68.919517	0.000000	
182	1.81000	-24.552874	-95.371249	266.204553	-22.159034	30.109816	6.274478	-109.514207	-69.248718	0.000000	
183	1.82000	-24.741693	-99.146597	271.006772	-22.713764	30.593234	6.666729	-109.331812	-69.512665	0.000000	
184	1.83000	-24.016534	-103.902691	274.737130	-23.290340	30.905754	7.259367	-109.094107	-69.971965	0.000000	
185	1.84000	-22.562784	-108.771629	278.917392	-23.850815	31.336856	7.919563	-109.218662	-70.232115	0.000000	
186	1.85000	-20.426120	-113.274759	283.276006	-24.482564	31.632414	8.593183	-108.890221	-70.744606	0.000000	
187	1.86000	-17.675395	-117.639446	287.015981	-25.052568	31.938200	9.353199	-108.927950	-71.198381	0.000000	
188	1.87000	-15.357294	-122.117516	290.388882	-25.521128	32.072469	10.058713	-108.451102	-71.365140	0.000000	
189	1.88000	-13.132294	-126.297276	292.335351	-25.861750	32.072103	10.727909	-108.037881	-71.478163	0.000000	
190	1.89000	-11.478677	-129.747860	294.823924	-26.236993	32.251628	11.292600	-107.963958	-71.676963	0.000000	
191	1.90000	-11.465731	-133.176577	295.967429	-26.482416	32.303824	11.698908	-107.725549	-71.760902	0.000000	
192	1.91000	-11.613018	-136.310207	298.186176	-26.889176	32.499368	11.981750	-107.560834	-72.168395	0.000000	
193	1.92000	-10.695288	-137.364560	302.467736	-27.319713	32.885527	12.172459	-107.440346	-72.436569	0.000000	
194	1.93000	-9.894440	-137.890968	305.318018	-27.521352	33.065439	12.290235	-107.134559	-72.355958	0.000000	
195	1.94000	-8.984586	-137.660594	306.389062	-27.494443	33.148088	12.302697	-107.150942	-72.047688	0.000000	
196	1.95000	-7.486231	-136.309849	307.288598	-27.429087	33.195487	12.260083	-107.190008	-71.804259	0.000000	
197	1.96000	-5.784842	-134.363335	307.826369	-27.225652	33.072267	12.185495	-106.827205	-71.275740	0.000000	
198	1.97000	-3.996382	-131.662320	308.284696	-26.984271	33.094406	11.973381	-106.976042	-70.743467	0.000000	
199	1.98000	-4.075861	-129.054513	306.598389	-26.640907	32.961617	11.630801	-107.119946	-70.355024	0.000000	
200	1.99000	-5.952240	-127.384731	303.562755	-26.206509	32.710080	11.221218	-107.109963	-69.845393	0.000000	
201	2.00000	-8.172273	-124.893716	300.708704	-25.787686	32.476008	10.716287	-107.046859	-69.446656	0.000000	
202	2.01000	-10.285077	-121.188535	294.920959	-25.058545	32.091047	10.115561	-107.548370	-68.836486	0.000000	
203	2.02000	-12.624932	-117.004044	289.305185	-24.247293	31.588375	9.598068	-107.567062	-67.945151	0.000000	
204	2.03000	-13.624641	-112.017569	283.427719	-23.451844	30.951656	9.015345	-107.404777	-67.250566	0.000000	
205	2.04000	-12.735876	-105.864473	279.074274	-22.702105	30.361503	8.563910	-107.092536	-66.499890	0.000000	
206	2.05000	-10.953988	-100.237967	276.322424	-22.127997	29.770456	8.363522	-106.280466	-65.905911	0.000000	
207	2.06000	-9.212706	-95.961927	274.018630	-21.820304	29.285920	8.268116	-105.662559	-65.966211	0.000000	
208	2.07000	-8.036434	-93.285094	270.902486	-21.515408	28.710492	8.250553	-104.928461	-65.994417	0.000000	
209	2.08000	-6.719034	-91.705760	267.695099	-21.314133	28.125272	8.415818	-104.197566	-66.266167	0.000000	
210	2.09000	-5.240579	-90.605945	265.642127	-21.149958	27.612293	8.598760	-103.296617	-66.324098	0.000000	
211	2.10000	-4.628275	-89.961946	260.554227	-20.813250	26.855874	8.736907	-102.503066	-66.416421	0.000000	
212	2.11000	-4.698090	-90.002923	254.660292	-20.360591	26.135895	8.902811	-102.033553	-66.156613	0.000000	
213	2.12000	-3.584452	-89.017942	253.678527	-20.232260	25.830401	8.984886	-101.401884	-66.062300	0.000000	
214	2.13000	-2.628395	-88.400405	253.592155	-20.241485	25.704487	9.098977	-101.092966	-66.219892	0.000000	
215	2.14000	-2.738822	-89.541660	253.226908	-20.163300	25.659745	9.240529	-101.044163	-65.822800	0.000000	
216	2.15000	-2.919006	-89.795396	255.635356	-20.354192	25.938284	9.217419	-101.154586	-65.914344	0.000000	
217	2.16000	-3.167504	-90.186197	259.557508	-20.571878	26.388451	9.120562	-101.323828	-65.704293	0.000000	
218	2.17000	-5.170812	-90.966781	260.808782	-20.689547	26.846916	8.892706	-102.284335	-65.721359	0.000000	
219	2.18000	-7.653703	-91.746233	261.073079	-20.687285	27.152238	8.560002	-102.964173	-65.525469	0.000000	
220	2.19000	-10.936483	-92.365088	259.113229	-20.512360	27.440255	8.141166	-104.338800	-65.244763	0.000000	
221	2.20000	-13.238955	-93.051326	258.130884	-20.392224	27.665522	7.794512	-105.245702	-64.917551	0.000000	
222	2.21000	-14.015917	-92.914646	258.047666	-20.354712	27.882384	7.611712	-105.997703	-64.814453	0.000000	
223	2.22000	-13.973601	-92.707839	258.413529	-20.291368	28.172749	7.487341	-106.978141	-64.510855	0.000000	
224	2.23000	-13.521879	-91.451759	261.543008	-20.361354	28.570548	7.326319	-107.291042	-64.208285	0.000000	
225	2.24000	-13.574086	-89.283699	265.570941	-20.500643	29.139097	6.982863	-107.798932	-64.098964	0.000000	
226	2.25000	-14.103314	-87.527516	268.794919	-20.631729	29.661984	6.667403	-108.373133	-64.089889	0.000000	
227	2.26000	-15.358718	-86.663584	271.660156	-20.792082	30.247216	6.388997	-109.198304	-64.139253	0.000000	
228	2.27000	-17.768506	-88.016638	273.261582	-20.938755	30.686610	6.276060	-109.809048	-64.102290	0.000000	
229	2.28000	-20.356511	-90.671533	273.074070	-21.052970	30.945245	6.341762	-110.446553	-64.169313	0.000000	
230	2.29000	-22.240242	-93.073147	272.352923	-21.121140	31.096660	6.393045	-111.013636	-64.229904	0.000000	
231	2.30000	-23.351711	-94.604414	271.095635	-21.043341	31.059899	6.512774	-111.225671	-64.008811	0.000000	
232	2.31000	-23.555839	-95.630006	267.705042	-20.846929	30.817414	6.618125	-111.695696	-63.923145	0.000000	
233	2.32000	-22.102893	-94.733721	265.655428	-20.591738	30.486589	6.644500	-111.533104	-63.588440	0.000000	
234	2.33000	-19.263925	-92.648322	264.418150	-20.389544	30.183923	6.669861	-111.345699	-63.439013	0.000000	
235	2.34000	-16.132027	-89.444053	264.436536	-20.239165	30.025797	6.585272	-111.221022	-63.358104	0.000000	
236	2.35000	-13.706365	-86.285265	263.378583	-19.978733	29.714008	6.455791	-110.857414	-63.108654	0.000000	
237	2.36000	-12.624849	-83.151117	261.426626	-19.698057	29.364816	6.190495	-110.516304	-62.988967	0.000000	
238	2.37000	-12.379568	-81.732358	259.644048	-19.494321	29.068240	6.085785	-110.170131	-62.854834	0.000000	
239	2.38000	-13.179134	-81.434783	256.701963	-19.329218	28.815628	6.004738	-110.320483	-62.972726	0.000000	
240	2.39000	-14.138484	-81.044723	254.109732	-19.045571	28.536545	5.905389	-110.192721	-62.555529	0.000000	
241	2.40000	-14.163617	-80.586677	251.971706	-18.935255	28.302369	5.873915	-110.193008	-62.717604	0.000000	
242	2.41000	-12.413426	-79.554986	251.351205	-18.843306	28.069871	5.927580	-109.822471	-62.671940	0.000000	
243	2.42000	-10.208923	-78.134795	251.628099	-18.787691	27.982278	5.971529	-109.709509	-62.611796	0.000000	
244	2.43000	-8.754094	-77.173651	251.726199	-18.814205	27.929377	6.011688	-109.691386	-62.848017	0.000000	
245	2.44000	-8.529851	-75.894079	252.086280	-18.774676	27.902634	5.920436	-109.464962	-62.808391	0.000000	
246	2.45000	-9.809890	-74.957746	250.749896	-18.624810	27.848339	5.661116	-109.623690	-62.694144	0.000000	
247	2.46000	-11.471719	-75.484740	248.427411	-18.542585	27.702604	5.589772	-109.788790	-62.857892	0.000000	
248	2.47000	-12.423956	-76.810997	248.061553	-18.554017	27.683389	5.654434	-109.717122	-62.778717	0.000000	
249	2.48000	-13.103640	-77.543998	249.125869	-18.619305	27.808527	5.714343	-109.640541	-62.655467	0.000000	
250	2.49000	-13.010138	-78.206316	247.431562	-18.595214	27.655028	5.888453	-109.785246	-62.874602	0.000000	
251	2.50000	-11.985192	-78.020921	247.247092	-18.495780	27.430652	6.006672	-109.127913	-62.549384	0.000000	
252	2.51000	-9.737978	-75.709353	246.904587	-18.357036	27.307501	6.014420	-109.149957	-62.453685	0.000000	
253	2.52000	-8.398906	-74.198587	245.393863	-18.227423	26.984309	6.036974	-108.725574	-62.556588	0.000000	
254	2.53000	-7.763760	-73.942612	242.002244	-17.901336	26.562643	6.132929	-108.611397	-62.120983	0.000000	
255	2.54000	-7.603430	-74.260163	239.674257	-17.729507	26.148098	6.247663	-107.962425	-61.948206	0.000000	
256	2.55000	-7.897887	-74.558128	238.335642	-17.757336	25.975648	6.317089	-107.794204	-62.358986	0.000000	
257	2.56000	-9.415415	-76.936069	236.356871	-17.762042	25.729666	6.524465	-107.393886	-62.487672	0.000000	
258	2.57000	-10.770133	-80.547071	234.197991	-17.771194	25.556296	6.882125	-107.407252	-62.471401	0.000000	
259	2.58000	-11.353677	-82.675099	234.905068	-18.012761	25.662135	7.106532	-107.434077	-62.945471	0.000000	
260	2.59000	-11.414633	-83.934473	237.303296	-18.234312	25.786440	7.321465	-106.863260	-63.033058	0.000000	
261	2.60000	-10.612886	-84.826582	239.619846	-18.464272	25.948134	7.475823	-106.642311	-63.237557	0.000000	
262	2.61000	-9.629973	-85.420775	241.401401	-18.621325	26.029165	7.643933	-106.357449	-63.325603	0.000000	
263	2.62000	-8.376154	-85.192966	243.991852	-18.830870	26.209540	7.729551	-106.177848	-63.555954	0.000000	
264	2.63000	-7.077802	-84.963912	246.138406	-18.932615	26.445168	7.828633	-106.424748	-63.457719	0.000000	
265	2.64000	-5.436684	-84.758350	248.550236	-19.151388	26.553559	7.945977	-106.097786	-63.761162	0.000000	
266	2.65000	-4.863794	-85.581411	250.065582	-19.308597	26.697602	8.068518	-106.124846	-63.873161	0.000000	
267	2.66000	-6.066454	-86.887129	250.154832	-19.474576	26.875936	8.096799	-106.604667	-64.302083	0.000000	
268	2.67000	-7.976402	-88.215180	249.706145	-19.521599	27.063628	8.024850	-107.236948	-64.388927	0.000000	
269	2.68000	-9.999783	-89.590689	250.062919	-19.730933	27.340440	7.884299	-107.862504	-64.911578	0.000000	
270	2.69000	-11.840495	-91.125018	250.148955	-19.868600	27.554662	7.803026	-108.382974	-65.190666	0.000000	
271	2.70000	-13.112520	-92.408089	251.042850	-20.087879	27.868383	7.716533	-109.041472	-65.626421	0.000000	
272	2.71000	-14.066681	-93.211576	253.277272	-20.342880	28.326761	7.606764	-109.737632	-65.930354	0.000000	
273	2.72000	-14.247720	-93.785444	256.227546	-20.633599	28.822017	7.468548	-110.380016	-66.221297	0.000000	
274	2.73000	-14.450525	-94.336041	258.103060	-20.834307	29.109673	7.445312	-110.661632	-66.435146	0.000000	
275	2.74000	-14.906071	-94.747408	258.014930	-20.825705	29.227066	7.381210	-111.082653	-66.359553	0.000000	
276	2.75000	-15.110532	-95.136166	258.282941	-20.871409	29.317103	7.339847	-111.283992	-66.407095	0.000000	
277	2.76000	-15.358834	-95.436795	259.983661	-21.153196	29.576845	7.321647	-111.517292	-67.013241	0.000000	
278	2.77000	-15.874611	-97.290652	262.561272	-21.402925	29.854430	7.486114	-111.401439	-67.025205	0.000000	
279	2.78000	-15.365139	-99.122719	267.558689	-21.890333	30.502137	7.681096	-111.821689	-67.327341	0.000000	
280	2.79000	-15.104614	-100.887354	272.817394	-22.404242	31.031464	7.917950	-111.648208	-67.661349	0.000000	
281	2.80000	-15.979671	-104.546258	274.230597	-22.685942	31.263377	8.242473	-111.789722	-67.800887	0.000000	
282	2.81000	-16.743612	-107.427793	274.754709	-22.910833	31.360224	8.498709	-111.816322	-68.065183	0.000000	
283	2.82000	-18.992299	-109.441181	273.493738	-22.913645	31.348786	8.523359	-111.955403	-68.087713	0.000000	
284	2.83000	-21.380194	-110.973104	270.627167	-22.733814	31.175908	8.511829	-112.142488	-67.908601	0.000000	
285	2.84000	-22.429645	-110.950385	270.091739	-22.623645	31.266290	8.361509	-112.541320	-67.637637	0.000000	
286	2.85000	-22.185868	-108.803685	270.641479	-22.654549	31.374803	8.142277	-112.750560	-67.937720	0.000000	
287	2.86000	-20.077674	-105.944146	272.171650	-22.566869	31.432114	7.943770	-112.642687	-67.663476	0.000000	
288	2.87000	-17.125315	-103.608226	273.523892	-22.437361	31.490683	7.913506	-112.739073	-67.205095	0.000000	
289	2.88000	-15.149834	-101.573381	276.036254	-22.516098	31.718231	7.833916	-112.829361	-67.183151	0.000000	
290	2.89000	-13.832938	-100.405251	277.378264	-22.406124	31.819955	7.814162	-112.843769	-66.635373	0.000000	
291	2.90000	-13.741809	-100.565039	277.737497	-22.416182	31.937637	7.818344	-113.135050	-66.562754	0.000000	
292	2.91000	-14.538147	-100.887241	278.454649	-22.525281	32.171153	7.740987	-113.566529	-66.737570	0.000000	
293	2.92000	-15.904172	-101.324425	279.973489	-22.651651	32.557780	7.553920	-114.134043	-66.766498	0.000000	
294	2.93000	-17.110462	-101.647498	280.692849	-22.761079	32.881260	7.463217	-114.819822	-66.939924	0.000000	
295	2.94000	-18.433810	-101.261164	280.519389	-22.758500	33.051857	7.249333	-115.307275	-67.027711	0.000000	
296	2.95000	-19.439835	-100.370925	279.453323	-22.664126	33.042573	7.049297	-115.567137	-67.072953	0.000000	
297	2.96000	-19.901814	-98.656085	276.870834	-22.414070	32.754632	6.881457	-115.535905	-67.041760	0.000000	
298	2.97000	-20.250961	-96.895183	274.559777	-22.164173	32.584552	6.672012	-115.836015	-66.951679	0.000000	
299	2.98000	-20.576552	-95.112663	273.320071	-22.014078	32.522131	6.462501	-116.083962	-66.968542	0.000000	
300	2.99000	-20.829289	-94.495666	272.254354	-21.913532	32.486421	6.440274	-116.368897	-66.951230	0.000000	
301	3.00000	-20.897454	-94.906069	270.649842	-21.860116	32.369415	6.467808	-116.615330	-67.085881	0.000000	
302	3.01000	-20.147824	-94.561072	269.939238	-21.760553	32.289721	6.499158	-116.739472	-66.944085	0.000000	
303	3.02000	-18.899581	-93.574881	268.248757	-21.595540	32.012182	6.498403	-116.628553	-66.896606	0.000000	
304	3.03000	-16.837124	-90.874057	267.015143	-21.381956	31.799194	6.387409	-116.682724	-66.814004	0.000000	
305	3.04000	-15.387696	-88.334935	266.489012	-21.222226	31.584872	6.272571	-116.329448	-66.732404	0.000000	
306	3.05000	-15.483353	-87.373640	264.885392	-21.055425	31.396335	6.131188	-116.306352	-66.650701	0.000000	
307	3.06000	-16.846858	-88.562803	263.988072	-20.994416	31.458728	6.154985	-116.727742	-66.461297	0.000000	
308	3.07000	-18.795429	-91.287511	264.516210	-21.308378	31.680206	6.284410	-117.033091	-67.098286	0.000000	
309	3.08000	-20.468928	-94.445353	265.931828	-21.570396	31.992686	6.523003	-117.330358	-67.247079	0.000000	
310	3.09000	-21.319683	-98.333346	266.989173	-21.880872	32.197138	6.943828	-117.502654	-67.554412	0.000000	
311	3.10000	-20.626685	-100.825038	268.678136	-22.161334	32.367420	7.294679	-117.503501	-67.800465	0.000000	
312	3.11000	-18.754256	-101.511333	271.626699	-22.483912	32.610839	7.571677	-117.405759	-68.155505	0.000000	
313	3.12000	-15.862688	-100.823212	274.845612	-22.622012	32.820754	7.737813	-117.223571	-67.967979	0.000000	
314	3.13000	-13.497298	-100.041300	274.137824	-22.486936	32.625511	7.882141	-117.164065	-67.765136	0.000000	
315	3.14000	-12.206748	-97.912871	273.163411	-22.291535	32.384298	7.767234	-116.890310	-67.606004	0.000000	
316	3.15000	-12.533871	-96.424011	269.776901	-21.923128	32.052642	7.516352	-117.077104	-67.306197	0.000000	
317	3.16000	-13.725573	-94.937609	266.568284	-21.626379	31.764571	7.216200	-117.222263	-67.222867	0.000000	
318	3.17000	-14.620073	-93.863718	264.885876	-21.486808	31.855550	6.956315	-118.172137	-67.284029	0.000000	
319	3.18000	-15.511213	-93.067825	265.791568	-21.674101	32.169819	6.714683	-118.816198	-67.882938	0.000000	
320	3.19000	-15.811040	-91.538756	266.868968	-21.679695	32.322906	6.582779	-118.865143	-67.864809	0.000000	
321	3.20000	-16.406226	-90.739703	265.803936	-21.604820	32.295733	6.473978	-119.147629	-67.974894	0.000000	
322	3.21000	-17.255183	-89.299634	262.956010	-21.373353	32.079720	6.274295	-119.483796	-68.047215	0.000000	
323	3.22000	-17.195327	-87.194722	259.839760	-21.058825	31.693494	6.083147	-119.437889	-67.975143	0.000000	
324	3.23000	-17.180407	-85.477960	256.545055	-20.745242	31.334470	5.900943	-119.572726	-67.890398	0.000000	
325	3.24000	-16.322424	-83.601336	254.768119	-20.558614	31.047649	5.745280	-119.416617	-67.926647	0.000000	
326	3.25000	-15.256722	-82.501117	253.790132	-20.384048	30.860387	5.703340	-119.308889	-67.674482	0.000000	
327	3.26000	-13.865968	-82.750736	254.236694	-20.431914	30.807200	5.875831	-119.112564	-67.704991	0.000000	
328	3.27000	-11.746549	-82.863237	255.669845	-20.571328	30.880706	6.084078	-119.069923	-67.856025	0.000000	
329	3.28000	-9.827450	-84.005752	258.703618	-20.867709	31.115391	6.392771	-118.883842	-68.033115	0.000000	
330	3.29000	-8.294561	-85.376857	261.022037	-21.092799	31.313927	6.766040	-118.828383	-68.082799	0.000000	
331	3.30000	-8.289785	-86.610509	260.124151	-21.088146	31.196257	6.994856	-118.786410	-68.105372	0.000000	
332	3.31000	-9.380140	-87.479447	258.778424	-21.008079	31.078053	7.055479	-118.775435	-68.010855	0.000000	
333	3.32000	-11.564860	-88.281499	256.186758	-20.935103	30.931666	6.975500	-119.057703	-68.281211	0.000000	
334	3.33000	-14.570445	-89.174918	252.346784	-20.753025	30.776352	6.832211	-119.767871	-68.446414	0.000000	
335	3.34000	-17.414089	-90.503664	250.378130	-20.708437	30.800875	6.738736	-120.345040	-68.586574	0.000000	
336	3.35000	-19.050342	-91.329474	250.460452	-20.772423	30.861740	6.717417	-120.283213	-68.685776	0.000000	
337	3.36000	-18.432356	-91.696144	251.000704	-20.894295	30.960652	6.936670	-120.518711	-68.965354	0.000000	
338	3.37000	-18.606048	-93.663058	251.704711	-21.072486	30.976870	7.215717	-120.218459	-69.164582	0.000000	
339	3.38000	-17.481479	-95.836528	255.280098	-21.552828	31.526037	7.501670	-120.866997	-69.739539	0.000000	
340	3.39000	-16.171607	-98.172623	262.421129	-22.269853	32.389710	7.828278	-121.075996	-70.227774	0.000000	
341	3.40000	-14.994701	-101.514262	269.377094	-23.025471	33.180543	8.264687	-121.066688	-70.729985	0.000000	
342	3.41000	-14.026655	-104.054068	273.481103	-23.516419	33.701979	8.669922	-121.302607	-71.094954	0.000000	
343	3.42000	-13.200053	-105.610013	276.515595	-23.884836	34.061687	8.869603	-121.395371	-71.424705	0.000000	
344	3.43000	-12.996279	-105.153864	275.545763	-23.921791	34.079682	8.915676	-121.917448	-71.875480	0.000000	
345	3.44000	-13.160863	-103.872668	274.029700	-23.717800	33.855066	8.760811	-121.747040	-71.715515	0.000000	
346	3.45000	-13.626173	-101.426701	271.633269	-23.456797	33.693987	8.464782	-122.157210	-71.748137	0.000000	
347	3.46000	-14.614620	-99.300260	268.424907	-23.139909	33.324828	8.118990	-122.090641	-71.740231	0.000000	
348	3.47000	-16.103650	-97.516985	264.773062	-22.788318	33.063992	7.787215	-122.558919	-71.667638	0.000000	
349	3.48000	-17.865179	-95.529055	261.562529	-22.444925	32.748237	7.469764	-122.580679	-71.536284	0.000000	
350	3.49000	-18.329879	-92.992006	260.051738	-22.218751	32.532479	7.146328	-122.389684	-71.475142	0.000000	
351	3.50000	-18.765903	-92.010843	259.791806	-22.224913	32.586234	7.005295	-122.650738	-71.723206	0.000000	
352	3.51000	-17.832818	-91.351005	263.461973	-22.577819	33.027586	6.930845	-122.763314	-72.173060	0.000000	
353	3.52000	-16.216101	-90.667380	267.848389	-22.905895	33.587309	6.974550	-123.090226	-72.328787	0.000000	
354	3.53000	-15.596700	-91.491495	269.544684	-23.127480	33.766928	7.156746	-123.076265	-72.575019	0.000000	
355	3.54000	-15.137898	-92.268347	269.366883	-23.185812	33.766868	7.353052	-123.226356	-72.721979	0.000000	
356	3.55000	-15.158413	-92.931258	268.208469	-23.215515	33.685237	7.472201	-123.450462	-73.044015	0.000000	
357	3.56000	-14.562172	-93.754254	270.344159	-23.363522	33.829250	7.608406	-123.098697	-72.895228	0.000000	
358	3.57000	-13.509854	-94.966192	271.334433	-23.614706	34.072659	7.854033	-123.704583	-73.375553	0.000000	
359	3.58000	-12.798577	-96.292491	272.586713	-23.838092	34.288713	8.077048	-124.035562	-73.662917	0.000000	
360	3.59000	-13.364653	-97.207953	273.741717	-23.930636	34.459181	8.099946	-124.051603	-73.556712	0.000000	
361	3.60000	-15.208855	-97.735499	271.778492	-23.866823	34.430699	8.005742	-124.566210	-73.770386	0.000000	
362	3.61000	-15.193270	-95.426363	269.644034	-23.589721	34.152256	7.906419	-124.520766	-73.670070	0.000000	
363	3.62000	-16.859489	-95.378523	264.106894	-23.231908	33.565890	7.716519	-124.651794	-73.855438	0.000000	
364	3.63000	-17.679704	-94.971444	264.920386	-23.430438	33.825623	7.621479	-125.124169	-74.442168	0.000000	
365	3.64000	-17.652943	-95.795954	265.723425	-23.614585	33.923570	7.740332	-125.119186	-74.785867	0.000000	
366	3.65000	-16.892304	-97.742001	268.583682	-24.085219	34.336521	8.059283	-125.440901	-75.453399	0.000000	
367	3.66000	-15.739919	-100.784935	273.309991	-24.668083	34.884550	8.519076	-125.450709	-75.838679	0.000000	
368	3.67000	-14.878801	-105.108988	277.679771	-25.364267	35.494630	9.152907	-125.801932	-76.528711	0.000000	
369	3.68000	-14.404636	-108.888099	284.727645	-26.258074	36.382808	9.691028	-125.878756	-77.248325	0.000000	
370	3.69000	-14.823122	-112.230538	288.384102	-26.831484	36.974455	10.070108	-126.277315	-77.793589	0.000000	
371	3.70000	-15.293909	-114.152806	288.561376	-27.064123	37.098657	10.289924	-126.563984	-78.281789	0.000000	
372	3.71000	-16.775177	-114.108166	286.686960	-26.926899	37.016748	10.204742	-126.894930	-78.317625	0.000000	
373	3.72000	-18.649030	-112.850206	283.289589	-26.538683	36.610932	9.891571	-126.713736	-78.060118	0.000000	
374	3.73000	-20.025308	-110.700164	279.007402	-26.103229	36.115694	9.523404	-126.680849	-78.001857	0.000000	
375	3.74000	-21.518541	-107.706571	276.163885	-25.792497	35.926966	8.981292	-127.080651	-78.114336	0.000000	
376	3.75000	-22.694546	-103.936540	275.016505	-25.525247	35.864689	8.374819	-127.210080	-78.022901	0.000000	
377	3.76000	-23.257861	-99.798485	272.176183	-25.130455	35.578136	7.786356	-127.399122	-77.998271	0.000000	
378	3.77000	-23.233627	-94.402367	269.164966	-24.642662	35.292976	7.119814	-127.766896	-77.866587	0.000000	
379	3.78000	-21.570574	-88.615434	267.224342	-24.190881	34.946027	6.506500	-127.648072	-77.616903	0.000000	
380	3.79000	-19.949109	-83.924212	263.849663	-23.643582	34.427806	6.122105	-127.564276	-77.250326	0.000000	
381	3.80000	-18.320375	-81.244080	260.730952	-23.227918	33.836191	5.943130	-127.072953	-76.990930	0.000000	
382	3.81000	-17.435968	-80.280117	259.033204	-22.927191	33.513873	5.983947	-126.799167	-76.482064	0.000000	
383	3.82000	-17.412742	-80.735207	257.333029	-22.809780	33.270789	6.025154	-126.694950	-76.455592	0.000000	
384	3.83000	-18.710006	-81.693472	254.378348	-22.591977	32.963891	5.980572	-126.751192	-76.327941	0.000000	
385	3.84000	-20.005853	-82.744382	251.959771	-22.456645	32.710446	5.991032	-126.751644	-76.348737	0.000000	
386	3.85000	-20.867185	-84.366332	249.897398	-22.413434	32.465902	6.055716	-126.677884	-76.537697	0.000000	
387	3.86000	-20.745826	-86.650299	248.904801	-22.446948	32.303033	6.338851	-126.547911	-76.602656	0.000000	
388	3.87000	-18.984725	-88.340536	250.329267	-22.689944	32.330023	6.716529	-126.222222	-76.866414	0.000000	
389	3.88000	-16.126943	-90.852715	252.469707	-23.037546	32.447746	7.326233	-126.079414	-77.192149	0.000000	
390	3.89000	-12.215055	-94.462158	257.188103	-23.588986	32.636958	8.200005	-125.122598	-77.360345	0.000000	
391	3.90000	-9.167874	-98.551070	259.938959	-24.004772	32.645480	9.083926	-124.308974	-77.508250	0.000000	
392	3.91000	-7.346593	-103.988899	261.345415	-24.351393	32.635131	10.064911	-123.884253	-77.575363	0.000000	
393	3.92000	-7.049101	-110.115682	262.215689	-24.833317	32.658360	10.942147	-123.608259	-78.208666	0.000000	
394	3.93000	-8.686845	-116.518242	262.275245	-25.169255	32.689553	11.729757	-123.445548	-78.480424	0.000000	
395	3.94000	-10.897064	-122.441626	261.983175	-25.511246	32.783695	12.311909	-123.599700	-78.954399	0.000000	
396	3.95000	-12.819334	-126.079779	262.949828	-25.801187	33.023333	12.587401	-123.760318	-79.206912	0.000000	
397	3.96000	-14.108796	-128.412839	263.381590	-25.906263	33.093281	12.771110	-123.624425	-79.117164	0.000000	
398	3.97000	-15.906286	-129.236769	262.301511	-25.832943	33.028708	12.667410	-123.608344	-79.033542	0.000000	
399	3.98000	-17.025836	-128.484253	261.149344	-25.775579	33.082357	12.476599	-124.184340	-79.277137	0.000000	
400	3.99000	-17.895010	-127.296834	261.591501	-25.679514	33.054908	12.248946	-123.734815	-78.961210	0.000000	
401	4.00000	-17.716148	-126.269020	262.398503	-25.721236	33.100029	12.093347	-123.554379	-79.038176	0.000000	
402	4.01000	-16.695487	-125.102650	263.033987	-25.728691	33.209695	12.028370	-123.830770	-79.057009	0.000000	
403	4.02000	-15.221097	-123.749034	261.337030	-25.452724	32.788588	11.967897	-123.251637	-78.721113	0.000000	
404	4.03000	-11.945544	-123.190270	258.566188	-25.036616	32.153554	12.198295	-122.629322	-78.037192	0.000000	
405	4.04000	-7.551848	-122.837188	256.423817	-24.750323	31.536629	12.615388	-121.942621	-77.623951	0.000000	
406	4.05000	-4.545611	-122.852157	254.544378	-24.473019	31.017443	12.988036	-121.281868	-77.101163	0.000000	
407	4.06000	-2.905008	-123.464228	252.580810	-24.313784	30.731255	13.233497	-121.354282	-76.967352	0.000000	
408	4.07000	-2.946985	-124.379154	252.580430	-24.407704	30.775644	13.366115	-121.523455	-77.192188	0.000000	
409	4.08000	-4.036022	-125.094428	256.424844	-24.871758	31.430925	13.284114	-122.086777	-77.739692	0.000000	
410	4.09000	-6.060950	-125.447424	261.173004	-25.505967	32.427793	12.973932	-123.371988	-78.709949	0.000000	
411	4.10000	-8.766719	-126.077288	266.899195	-26.267060	33.504100	12.659922	-124.349263	-79.789018	0.000000	
412	4.11000	-8.452275	-123.548218	270.502245	-26.682409	34.224144	12.568998	-125.404069	-80.648885	0.000000	
413	4.12000	-10.323955	-122.935371	269.624972	-26.795960	34.465881	12.209335	-126.426228	-81.422932	0.000000	
414	4.13000	-10.241019	-120.085800	273.850480	-27.269066	35.185845	11.765634	-127.119169	-82.325423	0.000000	
415	4.14000	-11.616227	-118.118202	269.567682	-26.763316	34.745242	11.507268	-127.294694	-82.044802	0.000000	
416	4.15000	-13.195920	-116.427678	266.365334	-26.529524	34.573885	11.143487	-127.939067	-82.404512	0.000000	
417	4.16000	-15.061848	-116.636573	265.464409	-26.553898	34.408709	11.026854	-127.465052	-82.742136	0.000000	
418	4.17000	-17.063373	-117.393114	264.031602	-26.473431	34.397966	11.033557	-127.807362	-82.766976	0.000000	
419	4.18000	-18.788187	-118.814674	264.651421	-26.684463	34.575137	11.071673	-127.913145	-83.153680	0.000000	
420	4.19000	-20.011137	-120.030763	266.162170	-26.941243	34.752240	11.187293	-127.666749	-83.464052	0.000000	
421	4.20000	-19.981481	-121.175820	267.048767	-27.145063	34.750204	11.448349	-127.240289	-83.777889	0.000000	
422	4.21000	-18.407410	-121.288983	267.761278	-27.229458	34.633347	11.698841	-126.704445	-83.854469	0.000000	
423	4.22000	-16.131492	-120.280090	267.940515	-27.157261	34.382824	11.898639	-126.029779	-83.682224	0.000000	
424	4.23000	-14.792420	-118.426437	267.136309	-26.989832	33.978279	11.912233	-125.097940	-83.587535	0.000000	
425	4.24000	-14.119668	-115.611541	264.105941	-26.600497	33.430426	11.693304	-124.560665	-83.498927	0.000000	
426	4.25000	-13.536723	-112.936095	263.040377	-26.419573	33.115959	11.423827	-123.959136	-83.560198	0.000000	
427	4.26000	-13.735716	-114.036566	264.823738	-26.722234	33.312073	11.565739	-123.835430	-83.975358	0.000000	
428	4.27000	-14.102408	-118.295630	269.545338	-27.498688	33.901692	12.178455	-123.801093	-84.753016	0.000000	
429	4.28000	-15.425227	-123.285956	272.837610	-28.229770	34.445767	12.704832	-124.106270	-85.673751	0.000000	
430	4.29000	-17.815912	-129.078702	277.019043	-29.106091	35.159472	13.149427	-124.461133	-86.703098	0.000000	
431	4.30000	-20.093196	-135.030940	281.471580	-29.983301	36.009135	13.575195	-125.184768	-87.598044	0.000000	
432	4.31000	-20.525999	-140.138722	288.344974	-31.124298	37.048381	14.113872	-125.747535	-88.760857	0.000000	
433	4.32000	-21.398378	-143.896591	293.882911	-32.051032	37.971593	14.369416	-126.401682	-89.732849	0.000000	
434	4.33000	-23.598956	-146.097380	295.576133	-32.445163	38.400161	14.393761	-126.826021	-90.253038	0.000000	
435	4.34000	-25.127965	-145.439224	295.054323	-32.622302	38.578296	14.093513	-127.443310	-91.102623	0.000000	
436	4.35000	-27.819608	-144.186437	293.717124	-32.507001	38.567105	13.762874	-127.612531	-91.295513	0.000000	
437	4.36000	-29.914886	-143.738808	296.054131	-32.993405	39.139821	13.458446	-128.253431	-92.283615	0.000000	
438	4.37000	-31.996061	-147.174514	297.299377	-33.492248	39.522270	13.739062	-128.718976	-93.107980	0.000000	
439	4.38000	-33.325344	-150.698806	298.091773	-33.855937	39.707549	14.128807	-128.817652	-93.601842	0.000000	
440	4.39000	-35.994929	-155.094577	298.970560	-34.329587	39.998969	14.510601	-129.051546	-94.315464	0.000000	
441	4.40000	-37.868466	-159.669224	299.306722	-34.648682	40.093761	14.891230	-128.969248	-94.655519	0.000000	
442	4.41000	-39.402907	-163.467540	298.940617	-35.012133	40.188619	15.244565	-129.235847	-95.470507	0.000000	
443	4.42000	-39.504271	-166.190994	301.698402	-35.420217	40.492351	15.628404	-129.049007	-95.588923	0.000000	
444	4.43000	-39.190332	-170.513665	303.471890	-35.941820	40.660097	16.231336	-128.890509	-96.173835	0.000000	
445	4.44000	-37.767269	-172.732338	305.610565	-36.368015	40.775478	16.701044	-128.556257	-96.604434	0.000000	
446	4.45000	-36.373656	-173.939153	304.260454	-36.236884	40.398065	17.038324	-128.071630	-96.438547	0.000000	
447	4.46000	-35.283020	-173.246105	299.870693	-35.682066	39.480873	17.226090	-127.033312	-96.085789	0.000000	
448	4.47000	-33.539743	-170.539416	294.948689	-34.930372	38.376149	17.184873	-125.645229	-95.504066	0.000000	
449	4.48000	-31.049110	-166.461821	291.109760	-34.204220	37.470949	17.074469	-124.538135	-94.830595	0.000000	
450	4.49000	-27.991083	-161.243714	288.975185	-33.648361	36.727597	16.913590	-123.314360	-94.336791	0.000000	
451	4.50000	-24.335528	-157.123200	287.819042	-33.260182	36.028577	16.985367	-121.896253	-93.946250	0.000000	
452	4.51000	-19.464011	-155.605592	286.480808	-32.937523	35.384603	17.544807	-120.907715	-93.471356	0.000000	
453	4.52000	-16.660728	-155.279039	285.037702	-32.650302	34.674723	18.019131	-119.428040	-92.980630	0.000000	
454	4.53000	-15.476268	-154.977774	282.799037	-32.370684	34.171365	18.284288	-118.762432	-92.766766	0.000000	
455	4.54000	-14.932867	-154.196250	279.935335	-32.005701	33.623055	18.330307	-118.095934	-92.519617	0.000000	
456	4.55000	-14.715115	-151.586471	276.546097	-31.473128	33.139017	18.175757	-117.823084	-92.104131	0.000000	
457	4.56000	-14.934315	-148.244094	271.904330	-30.799404	32.429810	17.788400	-117.190840	-91.688386	0.000000	
458	4.57000	-15.837557	-144.925799	266.822802	-30.134891	31.864640	17.332956	-117.164152	-91.438542	0.000000	
459	4.58000	-17.330536	-141.814334	261.819281	-29.478451	31.117558	16.905947	-116.315292	-91.150749	0.000000	
460	4.59000	-18.488869	-131.524640	267.000890	-29.404092	28.712986	17.394708	-104.878899	-90.679367	0.000000	
461	4.60000	-19.905098	-116.224092	282.889542	-29.972226	24.732803	18.348723	-84.723803	-89.822725	0.000000	
462	4.61000	-19.185444	-112.437146	291.297667	-30.558324	21.315316	18.093929	-70.651099	-89.786204	0.000000	
463	4.62000	-15.286734	-113.339598	294.938585	-30.814712	18.957651	17.540818	-62.323941	-89.429742	0.000000	
464	4.63000	-13.741268	-114.426048	293.286198	-30.701189	17.704735	16.979761	-58.616246	-89.392920	0.000000	
465	4.64000	-13.832766	-116.521200	291.820735	-30.610941	16.947249	16.479181	-56.301381	-89.238171	0.000000	
466	4.65000	-14.824326	-117.624043	294.109151	-31.016534	16.498847	16.600238	-54.202955	-89.774931	0.000000	
467	4.66000	-14.925182	-120.393402	296.674335	-31.563927	16.349451	16.810561	-53.218234	-90.469501	0.000000	
468	4.67000	-14.440781	-125.440307	297.044803	-31.928597	17.109154	16.723386	-55.775817	-90.894969	0.000000	
469	4.68000	-13.934242	-130.691752	296.621430	-32.161098	18.078029	16.736528	-59.190937	-91.088688	0.000000	
